,infobox
44,"{'name': 'NMB48', 'background': 'group', 'img': 'NMB48ロゴ.png', 'img_capt': 'NMB48のロゴマーク（文字版）', 'img_size': '220px', 'origin': '{{JPN}}', 'genre': 'J-POP', 'years_active': '2010年 -', 'label': 'laugh out loud! records（2011年7月 - 2022年11月）ユニバーサルシグマ（2022年11月 - ）', 'production': 'KYORAKU吉本.ホールディングス{{Efn|2019年6月以降は事業者。}}（2010年 - 2016年12月、2019年6月 - ）Showtitle（旧社名）（2016年12月 - 2025年6月30日）N-Rise（2025年7月1日 - ）', 'associated_acts': '秋元康（プロデューサー）剱持嘉一AKB48グループ', 'url': '[http://www.nmb48.com/ NMB48公式サイト]', 'current_members': 'メンバーを参照', 'past_members': '元メンバーを参照'}"
714,"{'name': 'STU48', 'img': '220px', 'img_capt': 'STU48のロゴマーク', 'background': 'group', 'origin': '{{JPN}}', 'genre': 'J-POP', 'years_active': '2017年3月31日 -', 'label': 'You, Be Cool!/KING RECORDS', 'production': 'STU', 'associated_acts': '秋元康AKB48グループ', 'url': '[https://www.stu48.com/ STU48 OFFICIAL WEB SITE]', 'current_members': 'メンバーを参照', 'past_members': '元メンバーを参照'}"
728,"{'embed': 'yes', 'name': '石川 涼楓', 'nationality': '{{JPN}}', 'channel_url': 'UC1KeFkCHLAd-GAaQqIgAlFQ', 'channel_display_name': '石川涼楓チャンネル', 'years_active': '2020年 -', 'subscribers': '4.02万人', 'views': '1,759,932回', 'stats_update': '{{dts|2023-5-18}}'}"
45,"{'name': 'dela', 'landscape': 'yes', 'background': 'group', 'origin': '{{JPN}}・愛知県名古屋市', 'genre': 'J-POP', 'years_active': '2012年 -', 'label': 'miuzic Entertainment', 'production': '名古屋美少女ファクトリー', 'associated_acts': '近藤薫（二代目プロデューサー）中村浩一（初代プロデューサー）', 'url': '[https://www.nbgf.jp/ nbgf.jp]', 'current_members': '山吹萌藤本南松島七葉早川雪乃今田希松浦奈々後藤ひなの滝沢優華森本小鳥山川愛果人見桃歌河村かれん沢田朱音本多もか黒木春菜竹下優里'}"
1266,"{'名前': '早水千紗', '分類': '女流', '棋士番号': '20', '生年月日': '{{生年月日と年齢|1982|7|20}}', 'プロ年度': '{{年月日|year=1996|month=10|day=1}}（{{年数|1982|7|20|1996|10|1}}歳）', '出身地': '東京都目黒区', '所属': '関東', '師匠': '高柳敏夫名誉九段', '段位': '女流三段', '作成日時': '2015年2月12日'}"
135,"{'名前': '安室 奈美恵', '画像': '25th Anniversary Namie Amuro Live.jpg', '画像説明': 'デビュー25周年 沖縄公演にて（2017年9月）', '背景色': 'singer', '別名': '{{hlist-comma|Namie Amuro|namie amuro|NAMIE AMURO}}', '出生': '{{生年月日と年齢|1977|9|20}}', '出身地': '{{JPN}} 沖縄県那覇市首里石嶺町', '学歴': '{{plainlist| * 沖縄県那覇市立城東小学校 * 沖縄県那覇市立石嶺中学校 * 沖縄アクターズスクール }}', 'ジャンル': ""{{hlist-comma|J-POP{{AllMusic |author=AMG Staff |title=Namie Amuro Biography |class=artist |id=namie-amuro-mn0000362954#biography |accessdate=2020-07-18 }}{{cite web |last= Michel |first= Patrick ST. |date= 2018-09-12 |title= Namie Amuro: Celebrating J-pop's first queen |url= https://www.japantimes.co.jp/culture/2018/09/12/music/namie-amuro-celebrating-j-pops-first-queen/ |work= The Japan Times |accessdate= 2024-09-18 |url-status= live |url-access= subscription }}|ダンス・ポップ|R&B{{cite web |和書|title= どんな時も親友のように人々の心に寄り添い勇気と愛をくれた |url= https://realsound.jp/2018/09/post-251361.html |website= Real Sound |publisher= blueprint |date= 2018-09-16 |accessdate= 2024-09-18 }}|ディスコ}}"", '職業': '{{hlist-comma|歌手|ダンサー}}', '担当楽器': 'ボーカル', '活動期間': '1992年 - 2018年[https://www.daily.co.jp/gossip/2017/09/20/0010571839.shtml 安室奈美恵 来年9月16日で引退を発表「長年心に思い、決意」] - デイリースポーツ 2017年9月20日', 'レーベル': '{{Plainlist| * EASTWORLD (1992年 - 1995年) * avex trax (1995年 - 2013年) * Dimension Point (2013年 - 2018年) }}', '配偶者': '{{Marriage|SAM|1997|2002|end=div}}', '事務所': '{{Plainlist| * ライジングプロダクション（1992年 - 2015年） * Dimension Point（2015年） * stella88（2015年 - 2018年） }}', '共同作業者': ""{{Plainlist| * 小室哲哉 * ダラス・オースティン * SUITE CHIC * TIGER * T.Kura & michico * Nao'ymt * Emyli }}""}"
102,"{'channel_direct_url': '@popstepasahi', 'channel_display_name': '朝日奈央', 'years_active': '2014年6月 -', 'genre': 'エンターテインメント', 'subscribers': '14.2万人', 'views': '8,795,657回', 'stats_update': '{{dts|2023-11-26}}'}"
783,"{'名前': '姉御ぉ ゆりか', '本名': '非公開', '生年月日': '非公開', '出身地': '{{JPN}}・東京都', '血液型': 'O型', '最終学歴': '日本大学文理学部', '出身': 'ワタナベコメディスクール1期', '芸風': '漫談、コント', '活動時期': '2005年 - 2014年', '同期': 'HEY!たくちゃん、赤羽奈々瀬（めっちぇん）、チェリーの果実、ハジメ（フォーリンラブ） 他（ワタナベコメディスクール同期生）', '過去の代表番組': 'エンタの天使とんねるずのみなさんのおかげでした・博士と助手〜細かすぎて伝わらないモノマネ選手権〜', '他の活動': '芸能人女子フットサル（chakuchaku J.b）'}"
1324,"{'image': '200px', 'caption': '2016年10月2日', '名前': '高浜愛子', '分類': '女流', '棋士番号': '54', '生年月日': '1984年{{月日|10|02|on}}（{{年数|1984|10|02}}歳）', 'プロ年度': '{{将棋年度|2016|2016年}}{{月日|02|05|on}}（{{年数|1984|10|02|2016|02|05}}歳）〈女流2級〉 -->', '出身地': '大阪府大阪市福島区', '所属': '関東', '師匠': '山本真也', '段位': '女流初段', '作成日時': '2024年4月1日'}"
1179,"{'image': '250px', 'caption': '平成30年11月、人間将棋（姫路市）', '名前': '岩根忍', '分類': '女流', '棋士番号': '32', '生年月日': '{{生年月日と年齢|1981|3|16}}', 'プロ年度': '2004年4月1日（23歳）', '出身地': '大阪府大阪市', '所属': '関東', '師匠': '小林健二九段', '段位': '女流三段', '作成日時': '2016年6月8日'}"
902,"{'名前': 'HARUKAZE', 'リングネーム': 'HARUKAZE加藤 悠はるか 悠梨', '本名': '加藤 悠', 'ニックネーム': 'かとはるはるちゃん', '身長': '154cm', '体重': '50kg', '誕生日': '{{生年月日と年齢|1989|2|5}}', '出身地': '神奈川県横浜市', '所属': 'ガンバレ☆プロレス', 'スポーツ歴': '器械体操', 'トレーナー': '喜入衆風香高橋奈苗グレート☆無茶真琴', 'デビュー': '2011年12月25日対夏樹☆たいよう戦'}"
1199,"{'名前': '伊奈川愛菓', '分類': '女流', '棋士番号': '36', '生年月日': '{{生年月日と年齢|1991|3|29}}', 'プロ年度': '2006年10月1日（{{年数|1991|3|29|2006|10|1}}歳）', '出身地': '千葉県木更津市', '所属': '関東', '師匠': '所司和晴七段', '段位': '女流二段', '作成日時': '2021年4月7日'}"
1168,"{'名前': 'やす{{ruby|子|こ}}', '画像': '280px', 'キャプション': '陸上幕僚長から褒章状を受けたやす子（2025年3月25日）', '本名': '安井 かのん（やすい かのん）', '生年月日': '{{生年月日と年齢|1998|9|2}}', '出身地': '{{JPN}} 山口県宇部市', '血液型': 'A型', '身長': '154 cm', '方言': '標準語、長州方言', '最終学歴': '山口県立宇部中央高等学校', 'コンビ名': '新人類', '相方': '高校時代の友人', '事務所': 'ソニー・ミュージックアーティスツ', '活動時期': '2019年 -', '現在の代表番組': 'ヒルナンデス!', '公式サイト': '[https://www.sma.co.jp/s/sma/artist/624?ima=0000#/news/0 プロフィール]', '受賞歴': '2021年 ぐるナイおもしろ荘2021 第3位'}"
1072,"{'氏名': '塩川 治子', 'ふりがな': 'しおかわ はるこ', '生年月日': '{{生年月日と年齢|1942|12|10}}', '生誕地': '東京都', '国籍': '{{JPN}}', '職業': '作家、歌人', '代表作': '桂ヶ淵物語、北斎の娘、軽井茶話', '活動拠点': '軽井沢町'}"
265,"{'氏名': '佐藤初女', 'ふりがな': 'さとう はつめ', '生年月日': '{{生年月日と年齢|1921|10|3|no}}', '没年月日': '{{死亡年月日と没年齢|1921|10|03|2016|02|01}}', '国籍': '{{JPN}}', '職業': '福祉活動家・教育者。'}"
893,"{'名前': '{{ruby|岡田|おかだ}} {{ruby|直子|なおこ}}', '生年月日': '{{生年月日と年齢|1984|4|30}}', '出身地': '{{JPN}} 岡山県総社市', '血液型': 'B型', '身長': '143 cm', '出身': 'NSC大阪校28期[{{吉本プロフィール|3352}} 公式プロフィール]', 'コンビ名': 'ジェンカ（ - 2008年）', '事務所': '吉本興業', '活動時期': '2005年 -', '同期': '祇園すゑひろがりずラフ次元ななまがり', '現在の代表番組': 'よしもと新喜劇', '過去の代表番組': 'デジ生!バなな調査団ひろしま満点ママ!!', '受賞歴': '第3回 ザ・細かすぎて伝わらないモノマネ 優勝オールザッツ漫才2020 ネタバトル 第3位'}"
1052,"{'name': '伊藤 沙月', 'nationality': '{{JPN}}', 'birth_date': '{{生年月日と年齢|1991|6|21}}', 'birth_place': '宮崎県延岡市', 'height': '165cm', 'sport': '女子', 'weight class': 'バンタム級', 'club': '日章学園高等学校→拓殖大学→自衛隊体育学校', 'medaltemplates': '{{MedalSport | 女子 ボクシング }} {{MedalCompetition | 全日本女子ボクシング選手権大会 }} {{MedalGold | 2009年 | ライトフライ級B }} {{MedalBronze | 2015年 | バンタム級 }} {{MedalSilver | 2016年 | バンタム級 }}'}"
1343,"{'氏名': '紫竹 昭葉', 'ふりがな': 'しちく あきよ', 'image': 'クラブアップル並木.png', '画像説明': '2016年の紫竹昭葉', '生年月日': '1927年3月27日', '生誕地': '北海道帯広市', '没年月日': '{{死亡年月日と没年齢|1927|3|27|2021|5|4}}', '死没地': '北海道帯広市', '死因': '大動脈瘤破裂', '住居': '北海道帯広市', '別名': '紫竹 昭代（本名）紫竹おばあちゃん', '国籍': '{{JPN}}', '出身校': '北海道庁立帯広高等女学校', '活動期間': '1992年 - 2021年', '活動拠点': '北海道帯広市 紫竹ガーデン', '肩書き': '紫竹ガーデン遊華 社長', '配偶者': 'あり（死別）', '受賞': '日本観光協会 花の観光地づくり大賞（2005年）園芸文化協会 園芸文化賞（2015年）北海道150年特別功労賞（2018年）'}"
1358,"{'headercolor': 'Red', 'name': '福田恭巳', 'image': 'profile', 'imagesize': '130px', 'caption': 'Yukimi Fukuda', 'fullname': '福田恭巳', 'nickname': 'YUKIMI', 'nationality': 'JAPAN', 'birth_date': '{{birth date and age|1992|04|12}}', 'height': '162cm', 'weight': '45kg', 'website': '[https://ameblo.jp/ganba143/ ふくだゆきみのスラックライフ]', 'country': '{{flagcountry|JPN}}', 'sport': 'スラックライン', 'team': 'GIBBON SLACKLINES International', 'highestranking': 'WSFED women 1st', 'medaltemplates': '{{MedalSport|スラックライン}} {{MedalCountry|{{JPN}}}} {{MedalCompetition|日本オープンスラックライン選手権}} {{MedalGold|浅草ROCKS2011|Open Woman}} {{MedalGold|二子玉川RISE2012|Open Woman}} {{MedalGold|二子玉川RISE2013|Open Woman}} {{MedalGold|二子玉川RISE2014|Open Woman}} {{MedalGold|二子玉川RISE2015|Open Woman}} {{MedalSilver|豊洲BUDDY2010|Open Woman}} {{MedalCompetition|GIBBON CUP}} {{MedalGold|愛知@碧南2012|Open Woman}} {{MedalGold|東京@二子玉川2013|Open Woman}} {{MedalGold|愛知@碧南2013|Open Woman}} {{MedalGold|東京@二子玉川2014|Open Woman}} {{MedalGold|長野@小布施2014|Open Woman}} {{MedalGold|東京@二子玉川2015|Open Woman}} {{MedalGold|高知@四万十2015|Open Woman}} {{MedalGold|山梨@南アルプス2015|Open Woman}} {{MedalSilver|長野@小布施2015|Open Woman}} {{MedalSilver|東京@二子玉川2016|Open Woman}}'}"
210,"{'name': '今井 信子', 'img': 'FolleJournée2009 NobukoImai.jpg', 'background': 'classic', 'born': '{{生年月日|1943|3|18}}', 'school_background': '桐朋学園大学', 'origin': '{{JPN}}東京都', 'instrument': 'ヴィオラ', 'genre': 'クラシック音楽', 'occupation': 'ヴィオリスト', 'url': '[https://www.universal-music.co.jp/imai-nobuko/ 今井信子] - ユニバーサルミュージック (日本)'}"
1203,"{'image': '150px', '名前': '藤田綾', '分類': '女流', '棋士番号': '23', '生年月日': '{{生年月日と年齢|1987|3|24}}', 'プロ年度': '{{年月日|year=1998|month=10|day=1}}（{{年数|1987|3|24|1998|10|1}}歳）', '出身地': '東京都大田区', '所属': '関東', '師匠': '西村一義九段', '段位': '女流二段', '作成日時': '2015年2月12日'}"
469,"{'氏名': '藤田たき', '画像': 'Fujita Taki.JPG', '画像サイズ': '180px', '画像説明': '{{small|『アサヒグラフ』1947年11月26日号}}', '生年月日': '1898年12月23日', '生誕地': '愛知県名古屋市橦木町（後の東区）', '没年月日': '{{死亡年月日と没年齢|1898|12|23|1993|1|4}}', '国籍': '{{JPN}}', '職業': '婦人運動家、教育者', '出身校': '女子英学塾ブリンマー大学', '肩書き': '津田塾大学学長労働省婦人少年局長新日本婦人同盟会長'}"
427,"{'氏名': '仲村 俊子', 'ふりがな': 'なかむら としこ', '生年月日': '{{Birth year and age|1922}}', '生誕地': '{{JPN}} 沖縄県うるま市勝連', '没年月日': '２０２２年11月１８日没', '死没地': '沖縄県那覇市', '国籍': '{{JPN}}', '職業': '元小学校教員'}"
1242,"{'氏名': '坂本 フジヱ', 'ふりがな': 'さかもと ふじえ', '生年月日': '{{生年月日と年齢|1924|1|13|no}}', '生誕地': '{{JPN}} 和歌山県日高郡清川村', '没年月日': '{{死亡年月日と没年齢|1924|1|13|2021|2|12}}', '職業': '助産師', '住居': '和歌山県田辺市（2020年時点）{{Cite web|和書|url=http://210.232.61.82/hisho/files/tanabeshi_bunkashou50th.pdf |title=田辺市文化賞五十年|accessdate=2020-07-10|date=2020-03|format=PDF|publisher=田辺市|pages=114-115}}'}"
1306,"{'名前': '竹内優月', '分類': '女流', '棋士番号': '89', '生年月日': '2011年{{月日|01|05|on}}（{{年数|2011|01|05}}歳）', 'プロ年度': '{{将棋年度|2023|2024年}}{{月日|03|01|on}}（{{年数|2011|01|05|2024|03|01}}歳）', '出身地': '東京都中央区', '所属': '関東', '師匠': '武市三郎七段', '段位': '女流2級', 'note': '{{リスト|奨励会7級（女流棋士と重籍）}}', '作成日時': '2024年8月20日'}"
1280,"{'名前': '久津知子', '分類': '女流', '棋士番号': '15', '生年月日': '{{生年月日と年齢|1972|11|23}}', 'プロ年度': '{{年月日|year=1992|month=10|day=1}}（{{年数|1972|11|23|1992|10|1}}歳）', '引退年度': '{{年月日|year=2018|month=3|day=31}}（{{年数|1972|11|23|2018|3|31}}歳）', '出身地': '北海道札幌市', '所属': '関東', '師匠': '勝浦修九段', '段位': '女流三段', '通算成績': '118勝178敗 0.3986{{Cite web|和書|url=https://www.shogi.or.jp/game/record/all_lady.html|title=女流棋士通算成績（2018年3月31日現在）|accessdate=2018-3-31|date=2018-3-31|publisher=日本将棋連盟|archiveurl=https://web.archive.org/web/20180331122555/https://www.shogi.or.jp/game/record/all_lady.html|archivedate=2018-3-31}}', '作成日時': '2023年4月3日'}"
121,"{'氏名': '阿部 由美子', 'ふりがな': 'あべ ゆみこ', '生年月日': '{{生年月日と年齢|1968|1|11}}', '生誕地': '{{JPN}} 群馬県前橋市', '出身校': '成蹊大学文学部', '職業': '芸能プロダクション社長実業家', '著名な実績': '「ベリーベリープロダクション」創設者', '影響を与えたもの': '小池里奈荒川ちか山田美紅羽本間菜穂', '身長': '161', '体重': '43', 'テレビ番組': '「オールナイトフジ」「あの夏に抱かれたい」「花燃える日日」「日本一のカッ飛び男」「自由の丘に私が残った」「世にも奇妙な物語」', '公式サイト': '{{Facebook|abe.yumiko.39}}'}"
581,"{'name': 'NGT48', 'img': '220px', 'img_capt': 'NGT48のロゴマーク', 'background': 'group', 'origin': '{{JPN}}', 'genre': 'J-POP', 'years_active': '2015年 -', 'label': 'アリオラジャパン（2017年 - 2020年）EMI Records（2020年 - ）', 'production': 'AKS（2015年 - 2020年3月26日）Flora（2020年4月1日 - ）', 'associated_acts': '秋元康（プロデューサー）AKB48グループ', 'url': '[https://ngt48.jp NGT48 Official Site]', 'current_members': 'メンバーを参照', 'past_members': '元メンバーを参照'}"
150,"{'name': '綾瀬 志希', 'background': 'singer', 'born': '3月14日', 'origin': '{{JPN}} 埼玉県', 'genre': 'J-POP', 'occupation': 'ボーカリスト', 'years_active': '2017年 -', 'label': 'I BLUE', 'production': 'ディアステージ', 'associated_acts': 'CYNHN （2017年 - ）', 'url': '[https://cynhn.com/ CYNHN Official Web Site]'}"
824,"{'氏名': '山本 真千子', 'ふりがな': 'やまもと まちこ', '画像': '{{画像募集中}}', '生年月日': '{{生年月日と年齢|1963|10|9}}', '生誕地': '{{Flagicon|JPN}} 兵庫県', '職業': '検察官', '国籍': '{{JPN}}', '出身校': '大阪市立大学法学部', '著名な実績': '大阪地方検察庁特別捜査部長大阪地方検察庁検事正札幌高等検察庁検事長福岡高等検察庁検事長'}"
905,"{'名前': '{{ruby|安藤|あんどう}} なつANDO NATSU', '画像': '150px', 'キャプション': '安藤なつ（2016年1月）', '本名': '安藤 和代（あんどう かずよ）', 'ニックネーム': 'なっちゃん', '生年月日': '{{生年月日と年齢|1981|1|31}}', '出身地': '{{JPN}}・東京都西多摩郡日の出町', '血液型': 'A型', '身長': '170cm', '方言': '標準語、多摩弁', '最終学歴': '東京都立南多摩高等学校（現東京都立南多摩中等教育学校）定時制 卒業', 'コンビ名': 'なつ☆あつこ（解散）ぷち観音（解散）（2009年9月 - 2012年7月）メイプル超合金（2012年8月 - ）', '相方': '窪田あつこ（なつ☆あつこ）松原陽子（ぷち観音）カズレーザー（メイプル超合金）', '芸風': '漫才（ツッコミ）', '立ち位置': '左', '事務所': 'サンミュージックプロダクション', '活動時期': '1996年 -', '同期': '品川庄司ハチミツ二郎（東京ダイナマイト）日野誠など', '他の活動': '女優', '配偶者': '独身（結婚歴あり）', '公式サイト': '[https://sunmusic-gp.co.jp/talent/maple_chogoukin/ メイプル超合金公式プロフィール]'}"
296,"{'氏名': '岡上 菊栄', 'ふりがな': 'おかのうえ きくえ', '画像': 'ファイル:Okanoue Kikue 1.jpg', '画像サイズ': '180', '画像説明': '1945年（昭和20年）頃', '生年月日': '1867年10月2日（慶応3年9月5日）{{R|岡上菊栄19981225_p134}}{{Efn2|name=""岡上菊栄19981225_p20""|生年は1865年（慶応元年）頃との説もある{{R|岡上菊栄19981225_p20}}。}}', '生誕地': '土佐郡上街本町{{R|岡上菊栄19981225_p20}}', '洗礼': '1922年12月25日{{R|岡上菊栄の生涯_p276}}', '没年月日': '1947年12月14日（80歳没）{{R|岡上菊栄19981225_p134}}', '死没地': '高知県高知市潮江{{R|岡上菊栄の生涯_p333}}', '死因': '老衰{{R|おばあちゃんはここぞね_p199}}', '墓地': '高知県高知市丹中山{{R|おばあちゃんはここぞね_p199}}', '記念碑': '高知県香美市 博愛園（児童養護施設）園内{{R|岡上菊栄19981225_p9}}', '国籍': '{{JPN}}', '出身校': '高知英和女学校（中退）{{R|おばあちゃんはここぞね_p176}}', '職業': '教員 → 高知博愛園園母', '活動期間': '1890年4月 - 1947年4月', '団体': '高知慈善協会{{R|岡上菊栄19981225_p72}}', '著名な実績': '孤児たちの育成と健康管理', '影響を受けたもの': '石井十次{{R|おばあちゃんはここぞね_p58}}', '身長': '150cm{{R|高知新聞19950717m_p18}}', '体重': '40kg{{R|高知新聞19950717m_p18}}', '活動拠点': '高知博愛園', '給料': '14円（1902年当時）{{R|岡上菊栄の生涯_p268}}{{Efn2|name=""金銭価値""|当時の金銭価値の参考として、1894年（明治27年）は食パン1斤が6銭{{R|明治の金勘定_p7}}（1銭は0.01円{{R|明治の金勘定_p17}}）、1899年（明治32年）は鶏卵6個が15銭だった{{R|明治の金勘定_p7}}。}}', '任期': '1902年4月1日 - 1947年4月', '前任者': '無し', '後任者': '#没後を参照', '宗教': 'キリスト教', '配偶者': '安岡栄吾{{R|岡上菊栄の生涯_p114}}', '子供': '浜田鶴意（次女、随筆家{{R|高知新聞19930510m_p19}}）岡上守材（次男、高知慈善協会 事務局長{{R|岡上菊栄19981225_p110}}）岡上千代（三女、修道女{{R|岡上菊栄19981225_p55}}）、他、計5人{{R|岡上菊栄の生涯_p114}}', '親': '岡上樹庵{{R|岡上菊栄19981225_p20}}坂本乙女または公文婦喜{{R|岡上菊栄19981225_p20}}', '親戚': '坂本龍馬（叔父〈異説あり〉{{R|明治を彩った妻たち_p163}}）'}"
863,"{'名前': 'くわがた心', '本名': '鍬形心(くわがたこころ)', 'ニックネーム': 'くわここ', '生年月日': '{{生年月日と年齢|2001|5|22}}', '出身地': '{{JPN}}・大阪府', '血液型': 'A型', '身長': '164cm', '芸風': '漫談・ものまね', '事務所': '松竹芸能', '活動時期': '2021年4月 -'}"
294,"{'氏名': '北山 郁子', 'ふりがな': 'きたやま いくこ', '生年月日': '{{生年月日と年齢|1926|7|25|なし}}', '出生地': '{{Flagicon|JPN}} 富山県富山市土居原町', '職業': '医師', '出身校': '東京女子医学専門学校', '配偶者': '吉朗'}"
449,"{'name': '増山 麗奈', 'image': 'Rena Masuyama 2015.jpg', 'caption': '2015年撮影', 'birth_date': '{{Birth date and age|1976|12|25}}', 'birth_place': '千葉県千葉市', 'education': '東京芸術大学中退', 'occupation': '画家、映画監督、ジャーナリスト芸術家、パフォーマー、作家、市民活動家', 'alias': '増山 れな', 'relatives': '増山直太郎（祖父）', 'years_active': '2001年 -'}"
1132,"{'headercolor': 'lightblue', 'club': '自衛隊体育学校', 'coach': '城竜也{{Cite news |title=近代五種・島津（ルーテル高出）が引退 東京五輪23位「心から納得」 |url=https://web.archive.org/web/20211005002736/https://nordot.app/817909630940872704 |newspaper=熊本日日新聞 |date=2021-10-05 |accessdate=2021-12-22}}', 'retired': '2021年', 'worlds': '世界選手権: 20位 (2021年)', 'sport': '近代五種競技', 'regionals': 'アジア・オセアニア選手権: 優勝 (2017年)アジア競技大会: 4位 (2018年)', 'nationals': '全日本選手権: 優勝 (2016年, 2018年, 2020年)', 'olympics': '23位 (2021年東京)', 'country': '{{flagcountry|Japan}}', 'name': '島津 玲奈', 'nationality': '日本', 'image': 'Rena Shimazu at the 2020 Summer Olympic Games modern pentathlon.jpg', 'caption': '東京オリンピックに出場中の島津', 'birth_date': '{{生年月日と年齢|1991|5|28}}{{Cite web|和書|title=選手プロフィル 島津玲奈 |url=https://www.jiji.com/jc/tokyo2020?s=profile&id=competition-og2020_person-shimazu-rena-0001&a=olyMPN |author=時事通信 |date=2021-07-01 |accessdate=2021-12-22}}', 'birth_place': '{{JPN}} 熊本県合志市', 'height': '161cm', 'weight': '51kg'}"
706,"{'name': ""生駒里奈 'IKOMACHANNEL'"", 'channel_url': 'UCKfIRa0Zhs6HQ33a_L6Tc5Q', 'channel_display_name': ""生駒里奈 'IKOMACHANNEL'"", 'years_active': '2020年 -', 'genre': '芸能', 'subscribers': '19.2万人', 'views': '889万回', 'stats_update': '{{dts|2025-10-11}}', 'silver_year': '2020年{{Cite AV media ja |url=https://www.youtube.com/watch?v=UyxX80FYgOE|title=【感謝】銀の盾が届きました！みなさんから頂いたコメントにいいね返し！|medium=YouTube配信|date=2020-10-31|accessdate=2020-11-09}}', 'silver_button': 'yes'}"
789,"{'名前': '{{ruby|暗黒天使|あんこくてんし}}', '別名義': 'アンジェラ・デストロイ（旧芸名）', '生年月日': '{{生年月日と年齢||6|11}}[https://kaleidoline.jp/geinin-meikan/01a/01a/ankoku_tenshi.htm 暗黒天使 芸人名鑑]', '出身地': '{{JPN}}・愛知県豊橋市', '出身': 'NSC東京校10期', 'グループ名': 'HAKO with THE BIBIAN（解散）', '芸風': '漫談、ものまね', '事務所': '吉本興業', '活動時期': '2005年 -', '同期': 'オリエンタルラジオはんにゃトレンディエンジェル など', '過去の代表番組': 'あらびき団やりすぎコージー など', '他の活動': '歌手', '公式サイト': '[http://www.kisara.jp/talent/angela/ プロフィール]'}"
1144,"{'name': '小村 つばさ', 'fullname': '小村 つばさ', 'nationality': '{{JPN}}', 'birth_name': '小村 つばさ', 'birth_date': '{{生年月日と年齢|1996|11|7}}', 'birth_place': '熊本県熊本市', 'sport': '女子', 'weight class': 'ライトフライ級・フライ級', 'club': '自衛隊体育学校', 'medaltemplates': '{{MedalCompetition|アジア女子選手権}} {{MedalBronze|2017 ホーチミン|ライトフライ級}}'}"
982,"{'name': '大岩 真由美', 'dateofbirth': '{{Birth date and age|1972|04|11}}', 'cityofbirth': '北海道室蘭市', 'countryofbirth': '{{JPN}}', 'years1': '1999-2008', 'league1': 'L・リーグ', 'role1': '審判員', 'internationalyears1': '2002-2007', 'confederation1': 'FIFA登録', 'internationalrole1': '審判員'}"
109,"{'氏名': '富坂 美織', 'ふりがな': 'とみさか みおり', '生誕地': '{{Flagicon|JPN}} 東京都', '出身校': '順天堂大学医学部ハーバード大学大学院', '職業': '産婦人科医医学博士', '公式サイト': 'https://mioritomisaka.jp/'}"
1090,"{'氏名': '河村 京子', 'ふりがな': 'かわむら きょうこ', '生年月日': '1944年', '生誕地': '{{JPN}} 大阪府', '職業': 'エステティシャン'}"
146,"{'name': '天野なつ', 'channel_url': 'UCPoyuXqbaw1F06N7XNdY3-A', 'channel_display_name': '天野なつ', 'years_active': '2018年 -', 'genre': '音楽'}"
243,"{'name': '村山 勝美', 'background': 'classic', 'school_background': '東京芸術大学音楽学部', 'origin': '{{JPN}}', 'instrument': 'ヴィオラ', 'genre': 'クラシック音楽', 'occupation': 'ヴィオラ奏者、モデル'}"
977,"{'氏名': 'おかざき なな', '生年月日': '{{生年月日と年齢|1961|1|22}}', '生誕地': '東京都', '職業': '恋愛・艶コンサルタント'}"
750,"{'name': '石毛礼子', 'background': 'singer', 'birth_name': '藤井奈緒美', 'born': '{{生年月日と年齢|1960|2|9}}', 'origin': '{{JPN}}・兵庫県宝塚市', 'genre': '歌謡曲', 'occupation': '歌手', 'years_active': '1981年 - 1983年', 'label': 'フィリップス'}"
776,"{'名前': 'おぎた ともこ', '本名': '補陀 知子（おぎた ともこ）', '生年月日': '{{生年月日と年齢|1979|5|31}}', '出身地': '広島県', '血液型': 'B型', '身長': '157cm', '方言': '広島弁', 'コンビ名': 'このみ', '相方': '村田千鶴', '芸風': '漫才、コント', '事務所': '太田プロダクション', '活動時期': '2005年 -', '過去の代表番組': '素敵な宇宙船地球号', '公式サイト': '[http://www.ohtapro.co.jp/jrlive/konomi/ このみ 公式プロフィール]'}"
1289,"{'名前': '大庭美樹', '分類': 'LPSA', '棋士番号': '9', '生年月日': '{{生年月日と年齢|1971|1|12}}', 'プロ年度': '{{年月日|year=1990|month=4|day=1}}（{{年数|1971|1|12|1990|4|1}}歳）', '引退年度': '{{年月日|year=2020|month=3|day=31}}（{{年数|1971|1|12|2020|3|31}}歳）', '出身地': '静岡県沼津市', '師匠': '佐瀬勇次名誉九段', '段位': '女流二段', '通算成績': '対局数339 / 125勝214敗 / 勝率0.369', '作成日時': '2024年9月3日'}"
454,"{'bgcolour': '#6495ED', 'name': '高田 ケラー 有子', 'birthdate': '{{生年月日と年齢|1958|5|1}}', 'location': '{{JPN}}・大阪府大阪市', 'nationality': '{{JPN}}', 'field': '造形作家・染織家', 'training': '京都市立芸術大学大学院美術研究科修了', 'awards': '* 1984年 京都デザイン賞・京都デザインフォーラム * 1989年 優秀賞・金沢工芸大賞コンペティション * 1990年 優秀賞・京都工芸ビエンナーレ * 1992年 優秀賞・第２回京都工芸選抜展 * 1995年 ファーストプライズ・ ""White Nights"" II. International Textile Exhibition（ロシア） * 2004年 Frederiksborg県造形芸術賞2004（デンマーク）', 'website': '{{Cite web|title=Yuko Takada Keller Artist Page|url=https://www.yukotakada.com/|accessdate=2025年7月25日}}'}"
1392,"{'image': 'thumb|center|200px', 'caption': '（2016年10月2日）（棋士会みやぎ復興将棋フェスティバルにて）', '名前': '伊藤沙恵', '分類': '女流', '棋士番号': '52', '生年月日': '{{生年月日と年齢|1993|10|6}}', 'プロ年度': '2014年10月1日（20歳）', '出身地': '東京都武蔵野市', '所属': '関東', '師匠': '屋敷伸之九段', '段位': '女流四段', 'タイトル合計': '1期（女流名人 1期）', '作成日時': '2023年4月18日'}"
897,"{'name': '大松絵美', 'birth_name': '大松絵美（おおまつ えみ）', 'birth_date': '{{生年月日と年齢|1993|10|4}}', 'birth_place': '{{JPN}} 兵庫県豊岡市', 'origin': '兵庫県明石市', 'residence': '東京都', 'education': '立命館大学', 'occupation': 'YouTuber、女優、元お笑いタレント', 'height': '158cm', 'spouse': 'あだちくん（2025年 - ）', 'website': '[https://three-o.tokyo/ooo/emi-omatsu 公式プロフィール]', 'pseudonym': 'エミリン', 'channel_url': 'UCq3YtFr5JWvID4iK9HyrM3Q', 'channel_url2': 'UC4mHeilg6tg7a9qjEaXmeSA', 'channel_display_name': 'エミリンチャンネル', 'channel_display_name2': 'サブエミリンチャンネル', 'years_active': '2017年 -', 'genre': 'ブログ、コメディ', 'subscribers': 'メイン189万人サブ20.1万人', 'views': '17億3352万回', 'network': 'OOO EntertainmentTWIN PLANET（業務提携）', 'catchphrase(s)': 'エミリン エミリン エミリン エミリン エミリンチャンネル〜 さぁ始まるよ〜', 'silver_button': 'yes', 'silver_year': '2017', 'gold_button': 'yes', 'gold_year': '2020', 'stats_update': '{{dts|2025-12-8}}'}"
152,"{'名前': '安陪 恭加', '画像補正': 'yes', '背景色': 'singer', '出生名': '安陪 恭加', '別名': '恭加（2021年6月 - 2023年6月）', '出生': '{{生年月日と年齢|1997|7|17}}', '出身地': '{{JPN}}・福岡県福岡市', 'ジャンル': 'J-POP', '職業': 'ミュージシャン女優タレントモデル', '担当楽器': 'ボーカル', '活動期間': '2021年 - ミュージシャン、女優2014年 - タレント2011年 - 2014年 アイドル2002年 - モデル', 'レーベル': 'オフィス・タンゴ', '事務所': '[https://libertyprogr.com/ リバティプロ株式会社]', '共同作業者': '川又トオル', '公式サイト': '[https://kyoka.bitfan.id/ 恭加 Official site]'}"
1275,"{'名前': '中倉宏美', '分類': 'LPSA', '棋士番号': '12', '生年月日': '{{生年月日と年齢|1979|1|26}}', 'プロ年度': '{{年月日|year=1995|month=10|day=1}}（{{年数|1979|1|26|1995|10|1}}歳）', '出身地': '東京都府中市', '師匠': '堀口弘治七段', '段位': '女流二段', '作成日時': '2015年2月13日'}"
358,"{'name': '彩羽真矢', 'channels': '[https://www.youtube.com/c/mayaayahane 彩羽真矢][https://www.youtube.com/channel/UCw1TdQX4nrpqZHbt-gIOakA 彩羽真矢すっぴんチャンネル][https://www.youtube.com/@chamivlog444 彩羽真矢のあしあと]', 'years_active': '2013年 -', 'subscribers': '5.6万人', 'views': '3361万回{{Cite web|和書|title=Youtubeランキング 彩羽真矢 登録・再生数|url=https://yutura.net/channel/12047/|accessdate=2024-3-22}}', 'stats_update': '{{dts|2024-3-22}}'}"
76,"{'channel_display_name': 'みんなのあいす屋さん', 'channel_url': 'UCgIGAs4ajxKXhmjg7i_TaHw', 'years_active': '2025年 -', 'genre': 'エンターテイメントビデオブログ', 'subscribers': '12.4万人', 'views': '406万回', 'silver_button': 'yes', 'silver_year': '2025', 'gold_button': 'no', 'stats_update': '{{dts|2025-12-03}}'}"
246,"{'name': '川奈 まり子かわな まりこ', 'birth_date': '{{生年月日と年齢|1967|11|9}}', 'birth_place': '{{JPN}} 東京都世田谷区', 'occupation': '作家コラムニスト人権活動家元AV女優', 'period': '2011年 - （小説家として）', 'genre': 'ホラー・官能 他', 'notable_works': '『実話怪談出没地帯』『穢死』', 'spouse': '溜池ゴロー', 'debut_works': '『義母の艶香』（2011年）', 'group': '[http://www.avan.or.jp/ 一般社団法人表現者ネットワーク(AVAN)]代表理事'}"
1273,"{'名前': '石高澄恵', '旧姓': '横山', '分類': '女流', '棋士番号': '10', '生年月日': '{{生年月日と年齢|1966|9|27}}', 'プロ年度': '{{年月日|year=1987|month=3|day=1}}（{{年数|1966|9|27|1987|3|1}}歳）', '出身地': '北海道江差町', '所属': '関東', '師匠': '武者野勝巳七段', '段位': '女流三段', '作成日時': '2025年4月10日'}"
262,"{'氏名': '下田 歌子', 'ふりがな': 'しもだ うたこ', '画像': 'Utako Shimoda.jpg', '画像サイズ': '200px', '出生名': '平尾 鉐', '生年月日': '1854年9月29日', '生誕地': '{{JPN}} 美濃国恵那郡岩村（現在の岐阜県恵那市）', '没年月日': '{{死亡年月日と没年齢|1854|9|29|1936|10|8}}', '死没地': '東京市赤坂区青山北町', '墓地': '護国寺（東京都文京区）・ 大名墓地 (岐阜県恵那市)', '職業': '教育者', '著名な実績': '帝国婦人協会設立実践女学校設立'}"
1287,"{'名前': '竹部さゆり', '旧姓': '木村', '分類': '女流', '棋士番号': '19', '生年月日': '{{生年月日と年齢|1978|6|4}}', 'プロ年度': '{{年月日|year=1995|month=10|day=1}}（{{年数|1978|6|4|1995|10|1}}歳）', '出身地': '神奈川県逗子市', '所属': '関東', '師匠': '伊藤果八段', '段位': '女流四段', '作成日時': '2019年1月16日'}"
1118,"{'氏名': '三淵 嘉子', 'ふりがな': 'みぶち よしこ', '画像': 'Mibuchi Yoshiko circa 1938.jpg', '画像説明': '1938年（昭和13年）頃', '出生名': '{{ruby|武藤|むとう}} {{ruby|嘉子|よしこ}}', '生年月日': '{{生年月日と年齢|1914|11|13|no}}', '生誕地': 'イギリス直轄植民地・シンガポール', '没年月日': '{{死亡年月日と没年齢|1914|11|13|1984|5|28}}', '死没地': '東京都新宿区戸山国立病院医療センター{{Harv|追想のひと三淵嘉子|1985|pp=372-373|loc=おわかれ}}', '国籍': '{{JPN}}', '別名': '武藤 嘉子、 {{ruby|和田|わだ}} {{ruby|嘉子|よしこ}}', '出身校': '明治大学法学部', '職業': '弁護士、判事', '配偶者': '和田芳夫（1941年 - 1946年 死別） 三淵乾太郎（1956年 - 1984年 死別）', '子供': '和田芳武（長男）', '親': '武藤貞雄（父）武藤ノブ（母）', '親戚': '三淵震三郎、石渡多摩、石渡慎五郎、石渡敏一、反町茂作（後夫の親戚）', '家族': '{{plainlist| * 武藤一郎（長弟） * 武藤輝彦（次弟） * 武藤晟造（三弟） * 武藤泰夫（四弟）}}'}"
355,"{'name': '奥 幸代', 'background': 'classic', 'school_background': '大阪音楽大学短期大学部器楽専攻', 'origin': '{{JPN}} 大阪府堺市', 'instrument': 'ヴァイオリンヴィオラ', 'genre': 'クラシック', 'occupation': 'ヴァイオリニストヴィオリスト', 'url': '{{URL|www.viola-sachiyo.com}}'}"
199,"{'name': '内田光子', 'img_capt': '内田光子（2006）', 'background': 'classic', 'school_background': 'ウィーン音楽院', 'born': '{{生年月日と年齢|1948|12|20}}', 'origin': '{{JPN}}静岡県熱海市', 'instrument': 'ピアノ', 'genre': 'クラシック音楽', 'occupation': 'ピアニスト、指揮者', 'label': 'ユニバーサルミュージック', 'url': '[http://www.mitsukouchida.com/ Mitsuko Uchida]'}"
425,"{'氏名': '渋谷 黎子', 'ふりがな': 'しぶや れいこ', '画像': 'shibuya_reiko.jpg', '出生名': '池田 ムメ', '生年月日': '{{生年月日と年齢|1909|6|24|no}}', '生誕地': '福島県伊達郡粟野村', '没年月日': '{{死亡年月日と没年齢|1909|6|24|1934|9|16}}', '死没地': '埼玉県入間郡南畑村', '死因': '肋膜炎、腹膜炎', '墓地': '解放運動無名戦士墓（東京都青山霊園）密樹山如意輪寺金蔵院（埼玉県富士見市上南畑）', '住居': '福島県伊達郡粟野村→東京市杉並区阿佐ヶ谷→東京市外野方町→埼玉県北足立郡浦和町→埼玉県入間郡南畑村→埼玉県大里郡寄居町→福島県福島市土湯温泉町→埼玉県北足立郡志木町→埼玉県入間郡南畑村', '国籍': '{{JPN}}', '別名': '渋谷 ムメ土方 黎子長沼 朝', '出身校': '梁川町立実科高等女学校', '職業': '平凡社社員→農民運動家', '活動期間': '1929年 - 1933年', '団体': '全国農民組合埼玉県連合会', '著名な実績': '農民運動農村婦人の組織化', '影響を受けたもの': '渋谷定輔ローザ・ルクセンブルクアウグスト・ベーベルナデジダ・クルプスカヤ', '影響を与えたもの': '渋谷定輔', '活動拠点': '埼玉県北足立郡浦和町→埼玉県大里郡寄居町', '給料': '25円（平凡社）', '任期': '1930年 - 1931年', '政党': '労農党', '配偶者': '渋谷定輔'}"
757,"{'名前': '浅田好未', '生年月日': '{{生年月日と年齢|1979|8|26}}', '出身地': '{{JPN}}・神奈川県鎌倉市', '血液型': 'O型', '身長': '156cm', 'コンビ名': '元お笑い芸人パイレーツ', '相方': '西本はるか（1997年 - 2001年）宇恵さやか（2002年 - 2004年）', '芸風': 'コント（ボケ）', '立ち位置': '右→左（1999年以降）', '事務所': 'エスプリ（ルージュ系列） → ルージュ → アバンギャルド → NERU（アクセントプロ事業部）', '公式サイト': '[https://ameblo.jp/affection-party/ 浅田好未オフィシャルブログ『Affection』] [https://www.instagram.com/yoshimiasada/?hl=ja/ 浅田好未公式Instagram]', '受賞歴': '1997年 ミスヤングマガジン準グランプリ1998年 新語・流行語大賞受賞（「だっちゅーの」）1999年 ゴールデンアロー賞受賞2009年 シューズベストドレッサー賞受賞'}"
896,"{'名前': 'いかちゃん', '画像': '250px', 'キャプション': 'いかちゃん （2018年11月）', '本名': '伊ヶ﨑 恵（いかざき めぐみ）[https://twitter.com/kyoshouokano/status/820898481434869760 元巨匠岡野twitter 2017年1月15日]{{Cite web|和書|url=http://www.mic1978.com/micwp/archives/6173|title=テレビ出演のお知らせ【上野店】|publisher=革財布・革小物のお店[micミック]Shop Blog|date=2017-03-27|accessdate=2017-08-18}}', '生年月日': '{{生年月日と年齢|1996|1|3}}', '出身地': '{{JPN}}・山口県周南市', '血液型': 'B型', '身長': '160cm', '方言': '山口弁', '最終学歴': '中村女子高等学校調理科[https://www.facebook.com/people/%E4%BC%8A%E3%82%B1%E5%B4%8E%E6%81%B5/100005523495752 伊ヶ崎恵（いかちゃん）Facebook] より。[http://www.thepicta.com/media/1353510365291364947_2541334375 いかちゃんInstagram 2016年10月4日]', '出身': 'スクールJCA23期', 'コンビ名': 'イベリコ（解散）{{Cite web|和書|url=http://www.p-jinriki.com/news/2016/09/003215.php|title=【イベリコ】解散のお知らせ|publisher=プロダクション人力舎|date=2016-09-06|accessdate=2017-08-18}}', '相方': '前田明広（元相方）', '芸風': '漫談、歌ネタ・リズムネタ', '事務所': 'プロダクション人力舎', '活動時期': '2014年 - （ピンでの活動は2016年から）', '同期': 'アナクロニスティックなかよし肉体戦士ギガ ほか', '公式サイト': '[https://www.p-jinriki.com/talent/ikachan/ 公式プロフィール]'}"
960,"{'氏名': '小渕 志ち', 'ふりがな': 'おぶち しち', '画像': 'Obuchi Shichi 1913.jpg', '画像サイズ': '180px', '画像説明': '1913年の小渕志ち', '生年月日': '1847年11月9日', '生誕地': '上野国勢多郡石井村（現・群馬県前橋市）', '没年月日': '{{死亡年月日と没年齢|1847|11|09|1929|03|16}}', '死没地': '愛知県豊橋市', '国籍': '{{JPN}}', '職業': '実業家（製糸家）'}"
1373,"{'名前': '梅津美琴', '分類': '女流', '棋士番号': '80', '生年月日': '{{生年月日と年齢|2007|09|01}}', 'プロ年度': '{{年月日|year=2022|month=7|day=1}}（{{年数|2007|9|1|2022|07|01}}歳）', '出身地': '東京都文京区', '所属': '関東', '師匠': '戸辺誠', '段位': '女流初段', '作成日時': '2024年4月1日'}"
849,"{'コンビ名': '上海ドール', 'メンバー': 'オジョーことみ', '結成年': '2003年', '解散年': '2011年', '事務所': 'よしもとクリエイティブ・エージェンシー札幌支社→よしもとクリエイティブ・エージェンシー東京本社', '活動時期': '2003年 - 2011年', '出身': 'NSC東京校8期（オジョー）', '出会い': '札幌吉本のオーディション', '現在の活動状況': '解散', '芸種': '漫才', '過去の代表番組': 'ヌルマユ上海兄弟'}"
787,"{'名前': 'アンラッキー{{ruby|後藤|ごとう}}', '本名': '後藤 美葉（ごとう みよう）', '生年月日': '{{生年月日と年齢|1977|6|27}}', '出身地': '{{JPN}}・東京都目黒区', '血液型': 'A型', '身長': '158cm', '最終学歴': '武蔵工業大学（現：東京都市大学）', 'コンビ名': 'アンラッキー（解散）', '芸風': '漫談', '事務所': 'フリー→ズームリパブリック', '活動時期': '1994年 - 2001年2023年 -', '過去の代表番組': 'Mars TVUN FACTORY カボスケボキャブラ天国 など'}"
1334,"{'名前': '高群佐知子', '生年月日': '{{生年月日と年齢|1971|04|01}}', 'プロ年度': '{{年月日|year=1986|month=03|day=01}}（{{年数|1971|04|01|1986|03|01}}歳）', '引退年度': '{{年月日|year=2020|month=03|day=31}}（{{年数|1971|04|01|2020|03|31}}歳）', '分類': '女流', '棋士番号': '8', '出身地': '秋田県大曲市(現：大仙市)', '所属': '関東', '師匠': '滝誠一郎八段', '段位': '女流四段', '通算成績': '329勝317敗（646局） 勝率0.509', '作成日時': '2020年3月31日'}"
303,"{'氏名': '石田 美紀', 'ふりがな': 'いしだ みのり', '生年月日': '{{生年月日と年齢|1972}}', '生誕地': '{{JPN}}・京都府{{Cite book|和書 |editor=四方田犬彦 |title=李香蘭と東アジア |page=291 |year=2001 |publisher=東京大学出版会}}', '職業': '映画批評家、映画学者'}"
1281,"{'氏名': '尾澤 聖子', 'ふりがな': 'おざわ せいこ', '生誕地': '{{Flagicon|JPN}} 静岡県掛川市', '職業': '水上オートバイ選手'}"
348,"{'name': '青木涼子', 'background': 'classic', 'origin': '{{JPN}} 大分県', 'genre': 'クラシック（現代音楽）', 'occupation': '能声楽家', 'school_background': '東京藝術大学音楽学部邦楽科能楽専攻（観世流シテ方専攻） 東京藝術大学音楽研究科修士課程（観世流シテ方専攻）ロンドン大学東洋アフリカ学院博士課程', 'instrument': '声楽（謡）', 'url': 'https://ryokoaoki.net/'}"
47,"{'名前': 'AKB48', '画像': 'AKB48 Logo.svg', '画像サイズ': '220px', '画像説明': 'AKB48のロゴマーク', '背景色': 'group', '出身地': '{{JPN}}', 'ジャンル': 'J-POP', '活動期間': '2005年12月8日 -', 'レーベル': 'AKS（2006年 - ）DefSTAR Records（2006年10月 - 2008年6月）You, Be Cool!/KING RECORDS（2008年8月 - 2023年2月）EMI Records（2023年2月 - ）', '事務所': 'office48（2005年 - 2006年）AKS（2006年 - 2020年3月31日）DH（2020年4月1日 - ）（各メンバーの所属は所属事務所およびメンバーを参照）', '共同作業者': '秋元康（総合プロデューサー）AKB48グループ', '公式サイト': '[https://www.akb48.co.jp/ AKB48公式サイト]', 'メンバー': 'メンバーを参照', '旧メンバー': '元メンバーを参照'}"
588,"{'name': '有澤 一華', 'background': 'singer', 'alias': 'かちいわさりあ', 'nickname': '一華氏いちかしいっちゃんイッチャンいちかち', 'born': '{{生年月日と年齢|2003|12|23}}{{Cite web|和書|url=https://www.helloproject.com/juicejuice/profile/ichika_arisawa/|title=Juice=Juice 有澤一華プロフィール|work=ハロー!プロジェクト オフィシャルサイト|date=2021-07-07|accessdate=2021-07-07}}', 'blood': 'O型', 'origin': '{{JPN}} 大阪府{{R|arisawa-profile}}', 'genre': 'J-POP', 'occupation': '歌手、ヴァイオリニスト', 'years_active': '2020年 -', 'label': 'hachamaUP-FRONT WORKS', 'production': 'アップフロントプロモーション', 'associated_acts': 'ハロプロ研修生Juice=Juice', 'url': '[https://www.helloproject.com/juicejuice/profile/ichika_arisawa/ 有澤一華プロフィール]'}"
773,"{'名前': 'おばあちゃん', '本名': '沖原 タツヨ（おきはら たつよ）{{Cite web ja|url=https://www.tokyo-np.co.jp/article/272156|title=古希超えて 芸人の夢開花 波乱の半生「おばあちゃん」 言い訳したって仕方ない。生きてる今を楽しみたい|website=東京新聞|date=2023-08-24|accessdate=2023-11-18}}', '生年月日': '{{生年月日と年齢|1947|2|12}}[{{吉本プロフィール|10761}} おばあちゃん プロフィール] - 吉本興業株式会社', '出身地': '{{JPN}}・東京都国分寺市', '身長': '155&nbsp;cm', '芸風': '漫談{{Cite press release ja|url=https://prtimes.jp/main/html/rd/p/000002229.000029501.html|title=76才、芸歴5年目の吉本興業所属のお笑い芸人「おばあちゃん」神保町よしもと漫才劇場 最高齢で初所属決定!!|publisher=吉本興業株式会社|date=2023-06-14|accessdate=2023-07-06}}', '最終学歴': '放送大学 卒業', '事務所': '吉本興業（2019年 - ）', '活動時期': '2019年 - {{Cite web ja|url=https://natalie.mu/owarai/news/528628|title=神保町よしもと漫才劇場に最高齢76歳で所属、芸歴5年目のピン芸人おばあちゃん|website=お笑いナタリー|date=2023-06-14|accessdate=2023-06-14}}', '出身': 'NSC東京校24期', '同期': 'そのこ金魚番長小虎 など', '配偶者': '既婚（1971年頃 - ）', '公式サイト': '[{{吉本プロフィール|10761}} 公式プロフィール]'}"
538,"{'氏名': '斎藤 きち', 'ふりがな': 'さいとう きち', 'other_names': '唐人お吉 とうじんおきち', '生年月日': '1841年（天保12年）', '生誕地': '{{JPN}} 伊豆国賀茂郡下田坂下町（現在の静岡県下田市）', '没年月日': '1890年3月27日 （満48歳没）', '死没地': '{{JPN}} 静岡県下田市稲生沢川', '職業': '洗濯婦「老母きは並にきちは、差し向き渡世も御座なく、上方筋廻船・上下当港滞船の船頭ども衣類、そのほか洗濯等いたし、今日営み居り候…」『安政四巳年七月十日 嘆願書』（吉田常吉『唐人お吉』1983年、85頁。）、酌婦下田奉行の上申書に「内実船方等酒の相手に雇われ罷り出で候女」（『堀田正睦外国掛中書類』『合原猪三郎筆記』）とある（吉田常吉『唐人お吉』1983年、116-117頁。）。、芸妓、髪結、小料理屋店主', '配偶者': '鶴松 のちに改名して川井又五郎1874年（明治7年）に離別', '家族': '実父：市兵衛実母：きわ実姉：もと実弟：惣五郎'}"
1314,"{'名前': '中 七海', '分類': '女流', '棋士番号': '91', '所属': '関西', '段位': '女流三段', '生年月日': '1998年{{月日|08|07|on}}（{{年数|1998|08|07}}歳）', 'プロ年度': '{{将棋年度|2024|2024年}}{{月日|11|01|on}}（{{年数|1998|08|07|2024|11|01}}歳）', '出身地': '兵庫県', '師匠': '井上慶太', '作成日時': '2024年11月1日'}"
785,"{'名前': 'ウメ', '本名': '大久保 雅子（おおくぼ まさこ）', 'ニックネーム': 'ウメちゃん', '生年月日': '{{生年月日と年齢|1979|1|6}}', '出身地': '{{JPN}} 鹿児島県', '血液型': 'A型', '身長': '151cm', '方言': '共通語、鹿児島弁', '最終学歴': '鹿児島短期大学', '出身': 'NSC東京校7期', '芸風': 'めくり芸、コント', '事務所': 'フリー→SMA NEET Project→フリー→ラフィーネプロモーション', '活動時期': '2002年 -', '同期': 'もう中学生こがけん（おいでやすこが）LLR新道竜巳（馬鹿よ貴方は）銀座ポップなど', '公式サイト': '[https://laugh-iine.com/talent/belongs/ume/ 公式プロフィール]', '受賞歴': '2007年 R-1ぐらんぷり 決勝7位2011年 山-1グランプリ 優勝2016年 第4回喚き-1グランプリ 優勝'}"
286,"{'氏名': '赤石 千衣子', 'ふりがな': 'あかいし ちえこ', '画像': 'Chieko Akaishi NWEC.png', '画像サイズ': '220px', '画像説明': '国立女性教育会館より公表された肖像', '生年月日': '1955年', '生誕地': '{{JPN}} 東京都', '職業': '社会福祉運動家、社会福祉士、キャリア・コンサルタント、著作家', '出身校': '東京大学'}"
1376,"{'名前': '内山あや', '分類': '女流', '棋士番号': '71', '生年月日': '{{生年月日と年齢|2004|5|22}}', 'プロ年度': '{{年月日|year=2020|month=12|day=1}}（16歳）', '出身地': '{{GBR}}・{{nowrap|ベルファスト市}}', '所属': '関東', '師匠': '北島忠雄', '段位': '女流初段', '作成日時': '2023年3月9日'}"
795,"{'名前': '大村 小町', '画像': '250px', '本名': '柳谷 真澄', '生年月日': '{{生年月日と年齢|1978|10|18}}', '出身地': '{{JPN}}・秋田県能代市', '血液型': 'B型', '身長': '164cm', '方言': '秋田弁', '芸風': '漫談', '事務所': '株式会社ミューズ', '過去の代表番組': 'オンバト＋', '公式サイト': '[https://web.archive.org/web/20090109023009/http://blog.oricon.co.jp/komachi/ 大村小町のご案内。]'}"
898,"{'名前': '柏崎 桃子', '本名': '同じ', 'ニックネーム': 'ももち', '生年月日': '{{生年月日と年齢|1979|7|31}}', '血液型': 'A型', '身長': '165cm', '最終学歴': '作新学院高等学校美術デザイン科中退', '出身': '栃木県真岡市', '事務所': 'SHUプロモーション', '活動時期': '2014年 -', '公式サイト': '[https://shu-pro.co.jp/talent/%e6%9f%8f%e5%b4%8e%e6%a1%83%e5%ad%90/ SHUプロモーションHP]'}"
1371,"{'名前': '磯谷祐維', '分類': 'LPSA', '棋士番号': '23', '生年月日': '2003年{{月日|01|15|on}}（{{年数|2003|01|15}}歳）', 'プロ年度': '{{将棋年度|2023|2023年}}{{月日|09|01|on}}（{{年数|2003|01|15|2023|09|01}}歳）', '出身地': '岐阜県各務原市', '所属': '日本女子プロ将棋協会', '師匠': '山崎隆之九段', '段位': '女流初段', '優勝回数': '1', '作成日時': '2024年1月3日'}"
571,"{'name': '有安 杏果', 'background': 'singer', 'school_background': '日本大学藝術学部写真学科卒業', 'born': '{{生年月日と年齢|1995|3|15}}{{JPN}} 京都府', 'origin': '{{JPN}} 埼玉県富士見市', 'instrument': 'ボーカルギタードラムスキーボードサクソフォーン', 'genre': 'J-POP、ジャズ、写真家', 'years_active': '1995年 - 2008年2009年 - 2018年2019年 -', 'production': 'キャロット（1995年 - 2008年）スターダストプロモーション（2008年 - 2018年）アプリコット（2019年 - ）', 'blood': 'A型', 'module': '{{Infobox |child = yes |label1 = 備考 |data1=■有安杏果（2018年1月21日まで）■百田夏菜子■玉井詩織■佐々木彩夏■高城れに--> }}', 'spouse': 'あり（2019年 - ）'}"
397,"{'氏名': '名取 マサ', 'ふりがな': 'なとり マサ', '生年月日': '1889年6月1日', '生誕地': '北海道札幌区', '没年月日': '{{死亡年月日と没年齢|1889|6|1|1971|4|17}}', '記念碑': '名取マサ女史之像', '住居': '北海道富良野町', '国籍': '{{JPN}}', '出身校': '札幌区百百裁縫女学校', '職業': '富良野国の子寮 寮長', '活動期間': '1945年 - 1971年', '団体': '財団法人 北海道婦人共立愛子会', '著名な実績': '戦災孤児の救済', '活動拠点': '北海道富良野町→富良野市', '受賞': '上川支庁社会福祉協議会表彰（1955年）全国社会福祉協議会表彰（1961年）勲五等宝冠章（1967年）'}"
431,"{'氏名': '鈴木 セイ', 'ふりがな': 'すずき セイ', '生年月日': '{{生年月日と年齢|1912|3|30|no}}', '生誕地': '群馬県桐生市境野町', '没年月日': '{{死亡年月日と没年齢|1912|3|30|2013|1|23}}', '住居': '群馬県桐生市境野町→ 群馬県高崎市榛名山町', '国籍': '{{JPN}}', '活動拠点': '群馬県高崎市榛名山町', '受賞': '吉川英治文化賞（1976年）'}"
705,"{'name': '生田 衣梨奈', 'background': 'singer', 'nickname': ""えりぽん{{Cite web|和書| archivedate=2025-07-02 | archiveurl=https://web.archive.org/web/20250702120700/https://www.helloproject.com/morningmusume/profile/erina_ikuta/ | date=2017-12-26 | url=https://www.helloproject.com/morningmusume/profile/erina_ikuta/ | title=モーニング娘。'25 生田衣梨奈プロフィール | work=ハロー!プロジェクト オフィシャルサイト | accessdate=2025-07-08 |url-status=dead|url-status-date=2025-07}}"", 'born': '{{生年月日と年齢|1997|7|7}}', 'blood': 'A型', 'origin': ""{{JPN}} 福岡県福岡市{{Cite web|和書|author=生田衣梨奈 |date=2022-05-06 |url=https://ameblo.jp/morningmusume-9ki/entry-12741367764.html |title=明日。生田衣梨奈 |work=モーニング娘。'22 Q期オフィシャルブログ |accessdate=2023-01-11}}"", 'genre': 'J-POP', 'occupation': '歌手', 'years_active': '2011年 -', 'label': 'zetima', 'production': 'アップフロントプロモーション', 'associated_acts': 'モーニング娘。', 'url': '[https://x.com/ikuta_erina0707 生田衣梨奈] - X[https://www.instagram.com/erina_ikuta.official/ 生田衣梨奈] - Instagram', 'img': '161006 AMN 빅 콘서트 - 마키노 마리아 모닝구무스메 메들리 직캠 (Erina Ikuta) by DaftTaengk 3m31s.jpg'}"
408,"{'氏名': '五ノ井 里奈', 'ふりがな': 'ごのい りな', '画像': 'Rina Gonoi - IWOC 2024 (53568198184) (cropped).jpg', '生年月日': '{{生年月日と年齢|1999|09|29}}', '生誕地': '宮城県石巻市', '国籍': '{{JPN}}', '職業': '柔道指導者', '著名な実績': '陸上自衛隊勤務当時の性暴力被害告発', '代表作': '『声をあげて』'}"
1180,"{'分類': '女流', '名前': '石橋幸緒', '生年月日': '{{生年月日と年齢|1980|11|25}}', 'プロ年度': '{{年月日|year=1993|month=10|day=1}}（{{年数|1980|11|25|1993|10|1}}歳）', '引退年度': '{{年月日|year=2014|month=1|day=31}}（{{年数|1980|11|25|2014|1|31}}歳）', '出身地': '東京都小金井市', '所属': '日本将棋連盟（関東）→日本女子プロ将棋協会（退会）', '師匠': '清水市代', '段位': '{{sup|元}}女流四段(退会)', 'タイトル合計': '3期女流王将1期女流王位2期', '通算成績': '女流通算 359勝199敗(勝率{{勝率|359|199|record=n}})2013年度の将棋界#年度成績一覧', '優勝回数': '5回', '作成日時': '2020年6月17日'}"
1265,"{'名前': '野田澤彩乃', '分類': '女流', '棋士番号': '24', '生年月日': '{{生年月日と年齢|1984|1|25}}', 'プロ年度': '{{年月日|year=1999|month=10|day=1}}（{{年数|1984|1|25|1999|10|1}}歳）', '引退年度': '{{年月日|year=2020|month=3|day=31}}（{{年数|1984|1|25|2020|3|31}}歳）', '出身地': '埼玉県川越市', '所属': '関東', '師匠': '伊藤果八段', '段位': '女流初段', '通算成績': '対局数189局 / 56勝133敗 / 勝率0.296', '作成日時': '2020年4月1日'}"
593,"{'名前': '{{Ruby|荒井|あらい}} {{Ruby|優希|ゆき}}  Yuki Arai', '画像': '荒井優希2024.jpg', '画像説明': '2024年8月 後楽園ホール', 'リングネーム': '荒井 優希', '本名': '荒井 優希', 'ニックネーム': ""GENIUS GIRL{{Cite video|date= 2022-02-11 |title= 【無料見逃し配信】東京女子プロレス 2.11 後楽園ホール大会「 Positive Chain '22」 |url= https://m.youtube.com/watch?v=OhQK8zpdJfs |time= 1:22:35 - 40 |medium=YouTube |language=ja |publisher= 東京女子プロレスofficial - TJPW |accessdate= 2024-11-27 }}"", '身長': '167cm', '誕生日': '{{生年月日と年齢|1998|5|7}}', '出身地': '京都府', '所属': 'ゼストゼストの公式プロフィールや東京女子プロレス公式サイトの選手紹介では、「所属：東京女子プロレス」とされている。', 'トレーナー': '山下実優', 'デビュー': '2021年5月4日対伊藤麻希&遠藤有栖戦（パートナーは渡辺未詩）'}"
1194,"{'名前': '川口 雅代', '出生': '6月7日', '出身地': '{{Flagicon|Japan}}日本・福岡県福岡市（東京育ち）', '職業': '{{Hlist-comma|ジャーナリスト|リポーター|女優|シンガーソングライター|歌手|タレント|ラジオパーソナリティ|声優}}', 'レーベル': 'フォーライフ・レコード', '事務所': 'フリーランス'}"
391,"{'氏名': '高橋 展子', 'ふりがな': 'たかはし のぶこ', '画像': 'Nobuko-Takahashi-1.jpg', '画像サイズ': '200px', '画像説明': '{{small|『婦人と年少者』1966年1月号より}}', '生年月日': '1916年4月19日', '生誕地': '{{CHN1912}}・長春県', '没年月日': '{{死亡年月日と没年齢|1916|4|19|1990|9|25}}', '国籍': '{{JPN}}', '出身校': '東京女子大学卒業早稲田大学卒業', '職業': '官僚、評論家', '肩書き': '女性職業財団会長、駐デンマーク大使、国際労働機関事務局長補、労働省婦人少年局長'}"
239,"{'氏名': '岡井 朝子', 'ふりがな': 'おかい あさこ', '画像': 'Asako Okai UNDP.png', '生年月日': '{{birth year and age|1966}}', '生誕地': '{{JPN}}東京都', '教育': 'M.A. in Art History', '出身校': '一橋大学法学部ケンブリッジ大学エマニュエル・カレッジ', '職業': '国連事務次長補、国連開発計画総裁補兼危機局長', '任期': '2018年 - 2023年', '前任者': '中満泉', '後任者': '野田章子', '親': '岡井紀道（父：元日経統合システム社長）'}"
451,"{'name': 'はぎの みほ', 'image': 'ファイル:MihoHagino.jpg', 'birth_date': '1970年11月11日', 'birth_place': '北海道', 'nationality': '日本', 'education': 'メキシコ合衆国', 'website': 'haginomiho.org'}"
263,"{'氏名': '中島 湘煙', 'ふりがな': 'なかじま しょうえん', '画像': 'File:Nakajima (Kishida) Toshiko.jpg', '画像サイズ': '200px', '出生名': '岸田俊', '生年月日': '{{生年月日と年齢|1864|01|13|死去}}', '生誕地': '京都', '没年月日': '{{死亡年月日と没年齢|1864|01|13|1901|05|25}}', '死没地': '大磯', '墓地': '大運寺', '国籍': '{{JPN}}', '別名': '岸田俊子、中島湘烟', '代表作': '主論文「同胞姉妹に告ぐ」'}"
1253,"{'氏名': '安藤 美冬', 'ふりがな': 'あんどう みふゆ', '生年月日': '{{生年月日と年齢|1980|1|9}}', '生誕地': '{{Flagicon|JPN}} 山形県寒河江市', '出身校': '慶應義塾大学法学部政治学科', '職業': '作家・コメンテーター', '公式サイト': '[http://andomifuyu.com/ &MIFUYU 安藤美冬公式サイト] [https://ameblo.jp/miffy-andomifuyu/ 安藤美冬オフィシャルブログ『LIFE TRAVELLER’S DIARY』]'}"
288,"{'名前': '長谷山 美紀 （はせやま みき）', '全名': '長谷山 美紀（はせやま みき）', '生年月日': '1963年7月18日 (62歳)', '生誕地': '{{JPN}}・北海道', '時代': '20世紀 - 21世紀', '活動地域': '{{JPN}}', '研究分野': '情報情報通信 / 知能情報学 /', '研究機関': '北海道大学', '出身校': '北海道大学', '学位': '博士（工学）', '主な受賞': '映像情報メディア学会 丹羽髙柳賞 業績賞電子情報通信学会論文賞映像情報メディア学会研究奨励賞', '学会': '映像情報メディア学会映像情報メディア学会', 'サイト': 'https://www-lmd.ist.hokudai.ac.jp/member/miki-haseyama/'}"
766,"{'名前': '小原 正子', '本名': '鈴木正子', '生年月日': '{{生年月日と年齢|1975|10|23}}', '出身地': '兵庫県神戸市東灘区', '血液型': 'B型', '身長': '162cm', '方言': '神戸弁', '最終学歴': '日本大学芸術学部演劇学科卒業', 'コンビ名': 'クワバタオハラ', '相方': 'くわばたりえ', '立ち位置': 'ツッコミ', '事務所': 'ホリプロ', '活動時期': '2000年 -', '配偶者': 'マック鈴木', '公式サイト': '[https://com.horipro.co.jp/talent_info/kuwabataohara/ ホリプロ公式プロフィール] [https://ameblo.jp/ohara-kuwaoha 小原 正子オフィシャルブログ]'}"
79,"{'名前': '藍川 はるか  Haruka Aikawa', '画像': 'プロレスリングSECRET BASE202109IMG 5143.jpg', 'リングネーム': '藍川 はるか', 'ニックネーム': '不適切アイドル藍川ハ南無西日本唯一のプロレスするソロアイドル', '身長': '154cm', '体重': '45kg', '誕生日': '非公開', '出身地': '大阪府大阪市天神橋筋6丁目', '所属': 'フリーランス', 'トレーナー': '正岡大介、イデア、ダイナ御堂', 'デビュー': '2018年5月27日対KEN-Z戦'}"
973,"{'氏名': '岩根 順子', 'ふりがな': 'いわね じゅんこ', '生年月日': '1948年', '生誕地': '{{Flagicon|JPN}} 滋賀県彦根市', '職業': '実業家、社会運動家', '出身校': '滋賀大学'}"
904,"{'名前': '小川 恵夢', '本名': '小川 恵夢', 'ニックネーム': 'メギー', '生年月日': '{{生年月日と年齢|1984|11|4}}', '出身地': '福岡県北九州市', '血液型': 'O型', '身長': '153cm', '最終学歴': '九州産業大学卒業', '師匠': '中山功太', '芸風': '漫談', '事務所': 'よしもとクリエイティブ・エージェンシー', '活動時期': '2008年 -', '同期': 'トリテン', '現在の代表番組': 'あるあるYYテレビ', '他の活動': '役者・イラストレーター・コスプレイヤー', '公式サイト': '[https://profile.yoshimoto.co.jp/talent/detail?id=2953 所属事務所のプロフィール]'}"
591,"{'氏名': 'みな子', 'ふりがな': 'みなこ', '画像': 'Minako (22 years old).jpg', '画像説明': '22歳当時', '出生名': '長尾 みつ', '生年月日': '{{生年月日と年齢|1919|11|20|no}}', '生誕地': '北海道當別村', '没年月日': '{{死亡年月日と没年齢|1919|11|20|2010|5|31}}', '国籍': '{{JPN}}', '職業': '芸妓', '活動期間': '1931年 - 2010年', '時代': '昭和 - 平成', '団体': '大江戸小粋組、他', '著名な実績': '芸妓として80年以上の活動、吉原の伝統芸の継承、文化保存など', '活動拠点': '吉原', '非婚配偶者': 'あり', '子供': 'あり'}"
411,"{'氏名': '高橋 喜久江', 'ふりがな': 'たかはし きくえ', '生年月日': '1933年3月6日', '没年月日': '2020年12月26日', '国籍': '{{JPN}}', '出身校': 'お茶の水女子大学文教育学部', '職業': '日本キリスト教婦人矯風会職員', '活動期間': '1950年代～2020年代', '団体': '日本キリスト教婦人矯風会、売買春問題ととりくむ会', '活動拠点': '東京都'}"
793,"{'名前': 'イーちゃん', '画像': '250px', 'キャプション': 'イーちゃん（左。右はゆみみ。2018年9月）', '本名': '鬼塚 和未（おにづか かずみ）', '生年月日': '{{生年月日と年齢|1974|12|26}}', '国籍': '{{JPN}}', '出身地': '大阪府大阪市住之江区', '血液型': 'A型', '身長': '165cm', 'コンビ名': 'マリア', '相方': 'ゆみみ', '芸風': 'コント、漫才', '立ち位置': '右', '事務所': 'サンミュージックプロダクション', '活動時期': '2001年5月 -（※『マリア』としての活動は2009年4月から）', '公式サイト': '[https://www.sunmusic-gp.co.jp/talent/maria/ マリア公式プロフィール]'}"
1290,"{'名前': '鹿野圭生', '分類': 'LPSA', '棋士番号': '8', '生年月日': '{{生年月日と年齢|1961|11|1}}', 'プロ年度': '{{年月日|year=1987|month=4|day=1}}（{{年数|1961|11|1|1987|4|1}}歳）', '引退年度': '{{年月日|year=2017|month=3|day=31}}（{{年数|1961|11|1|2017|3|31}}歳）', '出身地': '香川県高松市', '師匠': '有吉道夫九段', '段位': '女流三段', '作成日時': '2024年9月3日'}"
1234,"{'name': '太田 尚子', 'native_name': 'おおた なおこ', 'image': '{{画像募集中}}', 'residence': '{{JPN}}', 'field': '看護学', 'workplaces': '茨城県立医療大学静岡県立大学', 'alma_mater': '筑波大学医療技術短期大学部看護学科卒業京都大学医療技術短期大学部専攻科助産学特別専攻修了東京大学医学部卒業聖路加看護大学大学院看護学研究科博士前期課程修了聖路加看護大学大学院看護学研究科博士後期課程修了', 'known_for': 'ペリネイタル・ロスのケアに関する研究ペリネイタル・ロスのセルフヘルプグループに関する研究', 'awards': '静岡県立大学学長表彰（2015年）'}"
1319,"{'image': '250px', 'caption': '平成30年11月、人間将棋（姫路市）にて', '名前': '武富礼衣', '分類': '女流', '棋士番号': '60', '生年月日': '1999年{{月日|05|25|on}}（{{年数|1999|05|25}}歳）', 'プロ年度': '{{将棋年度|2017|2018年}}{{月日|02|07|on}}（{{年数|1999|05|25|2018|02|07}}歳）', '出身地': '佐賀県佐賀市', '所属': '日本将棋連盟・関東 (2016年5月-2018年3月)→関西 (2018年4月-2022年9月)→関東 (2022年10月以降)', '師匠': '中田功八段', '段位': '女流二段', '作成日時': '2025年5月7日'}"
879,"{'名前': '{{ruby|木村|きむら}} {{ruby|美穂|みほ}}', '生年月日': '{{生年月日と年齢|1973|11|15}}', '出身地': '{{JPN}}・神奈川県相模原市', '血液型': 'A型', '言語': '日本語', '方言': '首都圏方言', '最終学歴': '洗足学園短期大学（現：洗足こども短期大学）音楽科卒業', 'コンビ名': '阿佐ヶ谷姉妹', '相方': '渡辺江里子', '立ち位置': '左', '事務所': 'ASH&Dコーポレーション', '活動時期': '1994年 -', '同期': 'ロンドンブーツ1号2号ペナルティ設楽統（バナナマン）など'}"
854,"{'コンビ名': 'にゃんこスター', '画像': '250px', 'キャプション': '左からスーパー3助、アンゴラ村長', 'メンバー': '{{Plainlist| * スーパー3助 * アンゴラ村長 }}', '結成年': '2017年', '事務所': 'ワタナベエンターテインメント（2017年10月2日 - ）', '活動時期': '2017年 -', '出身': 'ワタナベコメディスクール20期（アンゴラ）', '影響': 'キュートンなどあらびき団の出演者（アンゴラ村長）', '出会い': 'ライブイベント「大喜利千景」での共演', '旧コンビ名': '{{Plainlist| * アンドレ（スーパー3助） * 御飯をよそう妻、見つめる俺。（アンゴラ村長）暇アフタヌーン（アンゴラ村長） }}', 'ネタ作成者': '両者', '現在の代表番組': '魅力まるごと いまドキッ!埼玉（アンゴラ村長のみ）', '同期': 'スーパー3助アキラ100%酒井健太（アルコ&ピース）三四郎トレンディエンジェルなどアンゴラ村長こゝろあきちゃん（モシモシ）ラパルフェきりやはるか・あんり（ぼる塾）など', '受賞歴': '2020年 ギネス世界記録 取得（アンゴラ村長）', '公式サイト': '[https://www.watanabepro.co.jp/mypage/4000086/ 公式プロフィール]', '芸種': 'コント'}"
200,"{'name': '堤 智恵子', 'background': 'classic', 'school_background': '東京音楽大学', 'origin': '{{JPN}}', 'genre': 'クラシック音楽', 'occupation': '演奏家'}"
1015,"{'headercolor': '#40E0D0', 'name': '小原 日登美 30px', 'image': 'Hitomi Obara London 2012.jpg', 'imagesize': '300px', 'caption': '2012年ロンドン五輪レスリング競技・女子フリースタイル48kg級表彰式にて。', 'birthname': '坂本 日登美', 'nationality': '{{JPN}}', 'birthdate': '{{生年月日|1981|1|4}}', 'birthplace': '{{Flagicon|青森県}}青森県八戸市', 'deathdate': '{{死亡年月日と没年齢|1981|1|4|2025|7|18}}', 'sport': 'レスリング', 'club': '自衛隊体育学校', 'medaltemplates': '{{MedalCountry|{{JPN}}}} {{MedalSport|女子 レスリング・フリースタイル}} {{MedalCompetition|オリンピック}} {{MedalGold|2012 ロンドン|48kg級}} {{MedalCompetition|レスリング世界選手権}} {{MedalGold|2000 ソフィア|51kg級}} {{MedalGold|2001 ソフィア|51kg級}} {{MedalGold|2005 ブダペスト|51kg級}} {{MedalGold|2006 広州|51kg級}} {{MedalGold|2007 バクー|51kg級}} {{MedalGold|2008 東京|51kg級}} {{MedalGold|2010 モスクワ|48kg級}} {{MedalGold|2011 イスタンブール|48kg級}} {{MedalCompetition|アジア大会}} {{MedalBronze|2010 広州|48kg級}} {{MedalCompetition|レスリングアジア選手権}} {{MedalGold|2000 ソウル|51kg級}} {{MedalGold|2005 武漢|51kg級}}', 'show-medals': '""show-medals=yes""'}"
959,"{'name': '金子 マリ', 'background': 'singer', 'born': '{{生年月日と年齢|1954|12|1}}', 'origin': '{{JPN}}・東京都世田谷区下北沢', 'instrument': '歌', 'genre': 'ロック', 'occupation': '歌手', 'years_active': '1972年 -', 'associated_acts': 'Char難波弘之スモーキー・メディスン金子マリ&バックスバニーVoice&Rhythm5th Element will'}"
138,"{'embed': 'yes', 'channel_url': 'UCRUdyowhXEQhoNT7uNEvGJA', 'channel_display_name': '深田えいみ / Eimi Fukada', 'years_active': '2021年 -', 'genre': 'ビデオブログ', 'subscribers': '122万人{{Cite web|和書|url=https://socialblade.com/youtube/channel/UCRUdyowhXEQhoNT7uNEvGJA |title=深田えいみ / Eimi Fukada |work=Social Blade |accessdate=2021-07-17}}', 'views': '3億6511万回', 'silver_button': 'yes', 'gold_button': 'yes', 'stats_update': '{{dts|2023-02-17}}'}"
1025,"{'名前': '有元さくら子', '画像': '250px', 'キャプション': '有元さくら子（2024年1月）', '本名': '有元 桜子（ありもと さくらこ）', '生年月日': '{{生年月日と年齢|2001|8|18}}', '出身地': '東京都世田谷区', '身長': '170.8cm{{Cite web|和書|url=https://web.archive.org/web/20191207214439/https://trendnews.yahoo.co.jp/archives/634493/|title=【インタビュー】現役女子高生芸人・有元さくら子「JKじゃなくなったらただの女体」|work=トレンドニュース|publisher=GYAO!|date=2019-07-23|accessdate=2020-04-23}}→ 172cm', '方言': '標準語', '最終学歴': '高校卒業', '芸風': '主に一人コント', '事務所': 'ケイダッシュステージ', '活動時期': '2018年 -', '受賞歴': '笑顔甲子園2019 優勝', '公式サイト': '[https://www.kdashstage.jp/profile/archives/101 公式プロフィール]'}"
360,"{'name': '市原ひかり', 'background': 'non_vocal_instrumentalist', 'school_background': '洗足学園音楽大学卒業', 'born': '{{生年月日と年齢|1982|12|22}}', 'origin': '{{JPN}}、東京都武蔵野市', '配偶者': 'デビット･ネグレテ', 'instrument': 'トランペット、フリューゲルホルン', 'genre': 'ジャズ', 'occupation': '演奏家', 'years_active': '2005年-', 'label': 'ポニーキャニオン', 'url': '[http://www.hikari-ichihara.com/ 市原ひかりです。]'}"
231,"{'name': '中村姉妹', 'background': 'classic', 'origin': '{{JPN}}', 'instrument': 'ピアノ', 'genre': 'クラシック音楽', 'occupation': 'ピアニスト'}"
413,"{'氏名': '金城 芳子', 'ふりがな': 'きんじょう よしこ', '画像': 'Yoshiko Kinjo.jpg', '画像説明': '1921年（大正10年）', '出生名': '知念 芳子', '生年月日': '{{生年月日と年齢|1902|3|28|no}}', '生誕地': '沖縄県那覇区辻町', '没年月日': '{{死亡年月日と没年齢|1902|3|28|1991|12|3}}', '死没地': '東京都新宿区', '死因': '心不全', '国籍': '{{JPN}}', '出身校': '沖縄県立第一高等女学校', '著名な実績': '里親・里子制度などの福祉活動、「沖縄ふるさとの家」主催による沖縄からの上京者の支援', '影響を受けたもの': '伊波普猷', '配偶者': '金城朝永'}"
158,"{'名前': 'あの', '背景色': 'singer', '別名': 'ano（アーティスト名義）', '出生': '9月4日（年齢非公開）', '出身地': '{{JPN}}', 'ジャンル': 'J-POP', '職業': '{{hlist-comma|歌手{{cite interview |和書|title= あの、歌手・女優・タレントに続きMCも挑戦 ブレイク経て貫く夢を叶える秘訣「信じ抜いて突き進む」＜モデルプレスインタビュー＞ |url= https://mdpr.jp/interview/detail/4290469 |work= モデルプレス |publisher= ネットネイティブ |date= 2024-05-31 |accessdate= 2024-11-26 }}{{cite web ja |title= あの、本田翼＆岡山天音との出会いを明かす「本田翼さんも岡山天音くんも僕も…あの日生き延びたっていうことです」 |url= https://thetv.jp/news/detail/1213981/ |website= WEBザテレビジョン |publisher= KADOKAWA |date= 2024-08-24 |accessdate= 2024-11-26 }}|タレント{{R|モデルプレスインタビュー}}{{R|theTV}}|女優{{R|モデルプレスインタビュー}}|モデル{{R|モデルプレスインタビュー}}}}', '担当楽器': '{{hlist-comma|ボーカル|ギター}}', '活動期間': '2013年 -', 'レーベル': ""TOY'S FACTORY"", '事務所': ""TOY'S FACTORY"", '共同作業者': ""{{plainlist| * ゆるめるモ!（2013年 - 2019年） * I's（2021年 - 2024年）}}"", '公式サイト': '[https://ano-official.com/ ANO OFFICIAL SITE]', '著名使用楽器': 'Gibson・SG Standard', 'module': '{{Infobox YouTube personality | embed = yes | channels = {{ublist|[https://www.youtube.com/channel/UC2tN8yIRVdZ8-Ig2REhPPWg ano official channel]|[https://www.youtube.com/@anochuru あのちゅーる]}} | channel_display_name = ano official channel | years_active = {{ublist|2020年 - |2024年 - }} | genre = {{ublist|音楽|トーク}} | subscribers = {{ublist|約57.8万人|約52.4万人}} | views = {{ublist|約2億520万回|約3079万回}} | stats_update = {{Dts|2025-08-18}} | silver_button = yes | silver_year = | gold_button = no | gold_year = }}'}"
884,"{'名前': 'キシモト マイ', '本名': '岸本 麻衣', '生年月日': '{{生年月日と年齢|1980|8|6}}', '出身地': '{{JPN}}・愛知県名古屋市', '血液型': 'B型', '身長': '160cm', '最終学歴': '愛知県立瀬戸北高等学校（現：愛知県立瀬戸北総合高等学校）', '出身': 'NSC東京校5期', '事務所': 'よしもとクリエイティブ・エージェンシー', '活動時期': '1999年 -', '同期': 'NON STYLEスーパーマラドーナ平成ノブシコブシピースラフ・コントロール5GAP大西ライオン遠山大輔（グランジ）三瓶 など', '過去の代表番組': '新しい波8', '受賞歴': '青枢展小品部門優秀賞'}"
786,"{'名前': 'いがわ ゆり蚊', '本名': '井川 由梨香（いがわ ゆりか）', '生年月日': '{{生年月日と年齢|1982|09|05}}', '出身地': '{{JPN}}・大阪府豊中市', '血液型': 'A型', '身長': '155 cm', '方言': 'チェンバル語、大阪弁', '最終学歴': '京都嵯峨芸術大学（現・嵯峨美術大学）', '出身': 'NSC大阪校27期', 'グループ名': '吉本新喜劇（2014年 - ）', '芸風': '喜劇', '事務所': '吉本興業', '活動時期': '2005年 -', '同期': 'GAGDr.ハインリッヒ諸見里大介トットジュリエッタ など', '公式サイト': '[{{吉本プロフィール|744}} 公式プロフィール]', '受賞歴': '2007年 第28回ABCお笑い新人グランプリ 優秀新人賞'}"
343,"{'name': '松岡 莉子', 'background': 'classic', 'school_background': '王立スコットランド音楽院', 'origin': '{{JPN}}・大阪府豊中市', 'instrument': 'ハープ', 'genre': 'クラシック音楽', 'occupation': '演奏家', 'years_active': '2022年 -', 'label': 'キングレコード', 'url': '{{公式サイト|https://www.imliving.com/harp/profile.html}}'}"
1360,"{'氏名': '井上 華子', 'ふりがな': 'いのうえ はなこ', '生誕地': '{{JPN}}', '職業': 'ガーデンデザイナー', '出身校': '恵泉女学園園芸短期大学', '団体': 'Green Cottage Garden', '公式サイト': '{{URL|www.gcgarden.com}}'}"
1261,"{'image': '222px', '名前': '飯野愛', '分類': '女流', '棋士番号': '48', '生年月日': '{{生年月日と年齢|1986|11|17}}', 'プロ年度': '{{年月日|year=2013|month=10|day=1}}（{{年数|1986|11|17|2013|10|1}}歳）', '出身地': '東京都世田谷区', '所属': '関東', '師匠': '飯野健二八段', '段位': '女流初段', '作成日時': '2018年3月30日'}"
791,"{'名前': '岩間 よいこ', '本名': '岩崎佳い子', '生年月日': '{{生年月日と年齢|1985|4|10}}', '出身地': '愛知県名古屋市', '最終学歴': '南山大学（中退）', '出身': 'ワタナベコメディスクール5期', '活動時期': '2007年 -', '同期': '中村涼子、オナジミチ、さかもとしろう、サギタリウス、西村深村、ガゼル、83幕府', '他の活動': '{{Infobox YouTube personality|embed=yes | name = 岩間よいこ | nationality = 日本 | channel_display_name = よいこチャンネル | channel_url = UCZcxXkNVD5VJZ5oEDjiRsBQ | years_active = 2014 – | genre = {{flatlist| * コメディ * ガジェット * グルメ }} | subscribers = 16.7万人 | views = 22,013,114回 | network = 源氏山楼 | associated_acts = 岩崎夏海五島夕夏 | stats_update = {{dts|2022-4-1}} }}', '配偶者': '岩崎夏海{{Cite web|和書|url=https://ch.nicovideo.jp/huckleberry/blomaga/ar649886|title=岩間よいこの「一生懸命こだわらない」生き方|publisher=岩崎夏海のブロマガ「ハックルベリーに会いに行く」|date=2014-10-24|accessdate=2015-02-21}}', '受賞歴': '『着信御礼!ケータイ大喜利』（NHK総合）最優秀作品賞'}"
356,"{'name': '新井 ひとみ', 'background': 'singer', 'blood': 'O型', 'born': '{{生年月日と年齢|1998|4|10}}', 'origin': '{{JPN}}・宮城県柴田郡大河原町', 'instrument': '歌', 'genre': 'J-POP', 'occupation': '歌手、タレント', 'years_active': '2006年 -', 'label': 'avex trax', 'production': 'エイベックス・マネジメント', 'associated_acts': '東京女子流', 'url': '[https://tokyogirlsstyle.jp/profile/ 東京女子流>新井ひとみ][https://ameblo.jp/hitomi-tokyogirlsstyle/ 新井 ひとみオフィシャルブログ][https://avex.jp/araihitomi/ 新井ひとみソロプロジェクト]'}"
1296,"{'氏名': '岡島 礼奈', 'ふりがな': 'おかじま れな', '画像説明': '岡島礼奈', '生年月日': '{{生年月日と年齢|1979|2|19}}', '生誕地': '{{JPN}}・鳥取県鳥取市', '国籍': '{{JPN}}', '出身校': '東京大学大学院理学系研究科・理学部', '職業': '実業家'}"
876,"{'name': 'おつる', 'birth_date': '{{生年月日と年齢|1996|1|9}}', 'birth_place': '{{JPN}}・東京都', 'channel_url': 'UCB_pHeVqhdJbkjYCzZ_XDLg', 'channel_display_name': 'おつるの部屋', 'years_active': '2020年 -', 'genre': 'ビデオブログ', 'subscribers': '2340人', 'views': '136,374回{{Cite web|和書|url=https://www.youtube.com/watch?v=iVGPczQGAKw&t=3s|title=【100均野球拳】ゲームをしてミスしたら脱いでいくらしいです |publisher=おつるの部屋 |date=2020/12/31|accessdate=2021-7-11}}', 'network': 'SOD女子社員（SOD HANAYA）', 'stats_update': '{{dts|2022-4-1}}'}"
1351,"{'コンビ名': 'ダウ90000', 'メンバー': '蓮見翔園田祥太飯原僚也上原佑太道上珠妃中島百依子忽那文香吉原怜那', '別名': 'ダウ九萬', '結成年': '2020年', '事務所': '株式会社YOU GO sign→オフィスカニバブル', '活動時期': '2020年9月27日 -', '旧グループ名': 'はりねずみのパジャマ（2017年 - 2020年）', '現在の活動状況': 'ライブ、テレビ、ラジオなど', '芸種': 'コント、演劇', 'ネタ作成者': '蓮見翔', '公式サイト': '[https://www.kohen.works/%E3%83%80%E3%82%A690000/ 公式ホームページ]'}"
247,"{'氏名': '加藤 タキ', 'ふりがな': 'かとう たき', '出生名': '加藤多喜子', '生年月日': '{{生年月日と年齢|1945|3|30}}', '生誕地': '{{JPN}}・東京都大田区北千束', '別名': '黒川多喜子', '出身校': '森村学園高等部日本大学芸術学部造形科（中退）米国オレゴン州・マルトノマJr・カレッジ', '職業': 'タキ・オフィス代表', '受賞': '2017年アンチエイジングネットワーク主催「第11回アンチエイジング大賞 特別賞」2009年日本アンチエイジング歯科学会主催「アンチエイジングアワード」1998年東京都中央区ウエルネス・コミュニティ協会主催「感動文化賞 第9回ハーティーファミリー賞」'}"
1158,"{'氏名': '新川 紗世', 'ふりがな': 'あらかわ さよ', '生年月日': '1985年8月23日', '生誕地': '{{JPN}}・静岡県', '国籍': '{{JPN}}', '著名な実績': '教育国際賞「Education 2.0-Outstanding Leadership Award」受賞', '代表作': '『「運命」は小さな一歩で変えられる』（2024年） 『やめたいかもと一度でも思ったら読む教員の転職思考法』（2024年10月31日発売）', '肩書き': 'Re-Career株式会社創業者・代表取締役 Growing-Ups for Children 代表理事'}"
254,"{'氏名': '瓜生 岩', 'ふりがな': 'うりゅう いわ', '画像': 'Uryu Iwa.jpg', '画像サイズ': '200px', '生年月日': '1829年3月19日', '生誕地': '{{JPN}}：陸奥国耶麻郡熱塩村（現：福島県喜多方市）', '没年月日': '{{死亡年月日と没年齢|1829|3|19|1897|4|19}}', '死没地': '{{JPN}}：福島県福島市', '墓地': '示現寺', '別名': '瓜生岩子（通称）', '職業': '社会事業家', '配偶者': '佐瀬茂助', '栄誉': '藍綬褒章（1896年）'}"
11,"{'name': '青木美冴', 'background': 'singer', 'birth_name': '鈴木美冴', 'born': '{{生年月日と年齢|1960|04|28}}', 'school_background': '堀越高等学校 卒業', 'origin': '{{JPN}}・東京都', 'instrument': '歌', 'genre': 'アイドル歌謡曲', 'occupation': '歌手・女優', 'years_active': '1975年 -', 'label': 'CBS・ソニー日本コロムビアキングレコード', 'production': '渡辺プロダクション', 'associated_acts': '新田一郎近田春夫沖山優司'}"
183,"{'氏名': '野尻 知里', 'ふりがな': 'のじり ちさと', '生年月日': '{{生年月日と年齢|1952|||no}}', '生誕地': '{{JPN}}愛知県豊川市{{Sfn|野尻知里|2015|p=81}}', '没年月日': '2015年11月13日{{sfn|日外アソシエーツ|2020|p=489}}', '国籍': '{{JPN}}', '職業': '医師・テルモ上席執行役員{{sfn|日外アソシエーツ|2020|p=489}}'}"
1356,"{'name': '泉 ひかり', 'birth_date': '{{生年月日と年齢|1995|11|15}}{{Cite web|和書|url=https://twitter.com/hhhhi02|title=Hikari Izumi オフィシャルTwitterアカウント|date=|accessdate=2019-11-11}}', 'birth_place': '{{JPN}} 大阪府', 'height': '152 cm{{Cite web|和書|url=http://parkourhikari.info|title=Hikari Izumi オフィシャルサイト|date=|accessdate=2017-10-03}}', 'weight': '45 kg', 'country': '{{JPN}}', 'sport': 'パルクール'}"
852,"{'コンビ名': 'チキチキジョニー', 'メンバー': '岩見真利石原祐美子', '結成年': '1995年（正式には2002年）', '事務所': '松竹芸能', '活動時期': '1995年 -', '出会い': '大阪教育大学', '現在の活動状況': 'テレビ、ラジオ、ライブ', '芸種': '漫才、コント', '現在の代表番組': 'チキチキ・遠藤 Nami乗りジョニーナジャ・グランディーバのレツゴーフライデー など', '過去の代表番組': 'チキチキ!ツキムランド森脇健児のサタデーミーティングAKB48のあんた、誰?チキチキジョニーのブスはラジオでバレませんハピくるっ!など', '受賞歴': '2005年 「第5回新人お笑い尼崎大賞」優秀賞2022年 「第77回文化庁芸術祭」大衆芸能部門（関西参加公演の部）優秀賞', '公式サイト': '[https://www.shochikugeino.co.jp/talents/chikichikijohnny 公式プロフィール]'}"
1083,"{'氏名': '児島 気奈', 'ふりがな': 'こじま きな', '生年月日': '{{生年月日と年齢|1982|2|24|}}', '生誕地': '{{JPN}}・東京都大田区', '職業': '実業家', '団体': '株式会社K-PRO代表{{Cite web|和書|url=http://kpro-web.com/contact.htm |title=会社情報 |publisher =お笑いライブ・イベント制作 Ｋ－ＰＲＯ |accessdate=2021-10-04}}・取締役{{Cite web|和書|url=https://www.grabss.co.jp/712|title=grabss、各種興行主催のK-PROとの資本業務提携 及び 第三者割当増資引受（子会社化）に関するお知らせ |publisher =株式会社grabss |accessdate=2021-10-04}}'}"
570,"{'name': '飯窪 春菜', 'background': 'singer', 'birth_name': '飯窪 春菜', 'nickname': ""はるなん{{Cite web|和書|url=http://www.helloproject.com/morningmusume/profile/haruna_iikubo/ |title=モーニング娘。'18 飯窪春菜プロフィール |work=ハロー!プロジェクト オフィシャルサイト |accessdate=2018-12-16 |archiveurl=https://web.archive.org/web/20181216210857/http://www.helloproject.com/morningmusume/profile/haruna_iikubo/ |archivedate=2018-12-16 |url-status=dead|url-status-date=2018-12}}{{Cite web|和書|url=http://www.helloproject.com/news/1109301500_musume.html |title=モーニング娘。10期メンバー 決定! |date=2011-09-30 |accessdate=2011-10-01 |work=ハロー!プロジェクト オフィシャルサイト|archiveurl=https://web.archive.org/web/20111001005919/http://www.helloproject.com/news/1109301500_musume.html|archivedate=2011-10-01 }}"", 'born': '{{生年月日と年齢|1994|11|7}}{{Cite web |url=https://www.just-pro.jp/talent/actor/iikubo_haruna/#page-profile |title=PROFILE |work=飯窪春菜オフィシャルWEBサイト |accessdate=2023-01-01}}', 'blood': 'O型', 'origin': '{{JPN1947}} 東京都八王子市{{Cite web|和書| url=https://ameblo.jp/morningmusume-10ki/entry-12361097821.html | title=#春ツアー！ #八王子 飯窪春菜 | work=モーニング娘。‘18 天気組オフィシャルブログ | date=2018-03-17 | accessdate=2018-03-31}}', 'genre': 'J-POP', 'occupation': '歌手女優ファッション', 'years_active': '2009年 -', 'label': 'zetima（2012年 - 2018年）UP-FRONT WORKS（2012年 - ）', 'production': 'ハーツエージェント（2009年）フォスター（2009年 - 2011年）アップフロントプロモーション（2011年 - 2018年）ジャストプロ（2018年12月 - ）ジェイピィールーム（2019年 - 2022年）アップフロントクリエイト（2023年 - ）', 'associated_acts': 'モーニング娘。（2011年 - 2018年）', 'family': '日菜といろ（妹）{{Cite web|url=https://battle-news.com/?p=116034|title=【インタビュー】「強い女、憧れますねぇ」明石家さんまも気にする元モー娘。妹のプロレスデビュー！8月のデビューに向けた本人の今の思いとは|accessdate=2024-05-28|publisher=バトルニュース}}', 'url': '[https://www.just-pro.jp/talent/actor/iikubo_haruna/ 飯窪春菜オフィシャルWEBサイト] - JUST PRO', 'img': '161006 AMN 빅 콘서트 - 마키노 마리아 모닝구무스메 메들리 직캠 (Haruna Iikubo) by DaftTaengk 2m15s.jpg'}"
1182,"{'名前': '坂東香菜子', '分類': '女流', '棋士番号': '27', '生年月日': '{{生年月日と年齢|1986|3|31}}', 'プロ年度': '{{年月日|year=2001|month=10|day=1}}（{{年数|1986|3|31|2001|10|1}}歳）', '引退年度': '{{年月日|year=2014|month=3|day=31}}（{{年数|1986|3|31|2014|3|31}}歳）', '出身地': '大阪府{{Cite web|和書|url=http://bankana.cocolog-nifty.com/about.html|title=坂東 香菜子 プロフィール|accessdate=2018-03-10}}', '所属': '関東', '師匠': '飯野健二八段', '段位': '女流初段', '作成日時': '2015年2月11日'}"
68,"{'name': 'アーマーガールズ', 'img_size': '200', 'background': 'group', 'origin': '{{JPN}}', 'genre': 'J-POP', 'years_active': '2013年12月31日 -', 'production': 'アリスプロジェクト', 'url': '[https://web.archive.org/web/20131218013135/https://www.alice-project.biz/armorgirls アーマーガールズ Official Web Site]', 'current_members': '月野もあ桜矢穏空蒼井乃々愛'}"
1240,"{'氏名': '神藤 多喜子', 'ふりがな': 'しんどう たきこ', '生年月日': '1954年', '国籍': '{{JPN}}', '職業': '助産師', '活動拠点': '東京都{{Cite web|和書|date=2008-05-11 |url=https://plaza.rakuten.co.jp/gaiawind/diary/200805110001/ |title=ガイアの風 5月11日 パート2 今、女性に気づいてほしいこと |work=ガイアの風FMKITAQ |publisher=楽天ブログ |accessdate=2011-04-14}}'}"
862,"{'名前': '栗尾', '芸風': 'コント', '事務所': 'アマチュア', '活動時期': '2010年 -', '本名': '栗尾 真理（くりお まり）', '生年月日': '{{生年月日と年齢|1971|12|21}}', '出身地': '{{JPN}} 兵庫県', '受賞歴': '2015年 ボルケーノ茨木２０１５ 優勝2019年 NEYAGAWA★エンタカップ Vol.1 お笑いの部 優勝2021年第10回 関西演芸しゃべくり話芸大賞  奨励賞2022年 Q-1グランプリ 優勝'}"
1130,"{'name': '晝田瑞希', 'channel_url': 'UCZsn_UDV12HrT5s7_nz-PwQ', 'channel_display_name': 'ヒルタナンデス! /晝田瑞希 MizukiHiruta', 'years_active': '2022年4月2日 -', 'subscribers': '1700人', 'views': '約8万回', 'stats_update': '2025年3月19日'}"
261,"{'氏名': '坂本 真琴', 'ふりがな': 'さかもと まこと', '画像': 'Photo-Book-of-Fusae-Ichikawa-11.jpg', '画像サイズ': '180px', '画像説明': '{{small|1931年2月4日撮影}}', '生年月日': '1889年5月7日', '生誕地': '静岡県田方郡三島町（現・三島市）', '没年月日': '{{死亡年月日と没年齢|1889|5|7|1954|7|15}}', '国籍': '{{JPN}}', '職業': '婦人運動家、評論家', '出身校': '共立女学校', '家族': '高田敏子（妹）'}"
910,"{'名前': '旭堂 南鈴', '別名義': '鈴木 富有子', '生年月日': '1974年12月19日', '国籍': '{{JPN}}', '出身地': '{{Flagicon|JPN}} 大阪府', '言語': '日本語', '最終学歴': '帝塚山大学短期大学部', '師匠': '四代目・旭堂南陵', 'コンビ名': 'ミスマッチ', '事務所': 'MC企画大阪講談協会', '活動時期': '2010年 -', '公式サイト': '[https://www.osaka-kodankyoukai.com/nanrei/ プロフィール]'}"
237,"{'name': '荒井さち重・さっち〜', 'background': 'singer', 'birth_name': '荒井祥恵（あらいさちえ）', 'alias': 'おひつじ座', 'born': '4月2日', 'blood': 'O型', 'school_background': '麹町学園女子高等学校 東横学園女子短期大学 京都芸術大学通信教育部', 'origin': '{{flagicon|JPN}} 千葉県市川市', 'genre': 'J-POP、 昭和歌謡', 'occupation': 'シンガーソングライター  昭和歌謡歌手', 'years_active': '2000年 -', 'label': 'happy record（2005年 - 2007年） Sacciy Factory（2008年 - ）', '1': 'Official web site]'}"
208,"{'name': '小野 アンナ', 'img': 'Anna Dmitrievna Bubnova-Ono (1890-1979).jpg', 'img_capt': '日本時代(小野アンナ記念会 アルバムより)', 'background': 'classic', 'born': '{{生年月日|1890|3|14}}{{RUS1883}}・サンクトペテルブルク', 'birth_name': 'Анна Дмитриевна Бубнова', 'school_background': 'ペテルブルク音楽院', 'died': '{{死亡年月日と没年齢|1890|3|14|1979|5|8}}{{GESSR}}・スフミ', 'instrument': 'ヴァイオリン', 'genre': 'クラシック音楽', 'occupation': 'ヴァイオリニスト、音楽教育者'}"
1250,"{'名前': '千葉涼子', '旧姓': '碓井', '分類': '女流', '棋士番号': '17', '生年月日': '{{生年月日と年齢|1980|4|21}}', 'プロ年度': '1994年10月1日（14歳）', '出身地': '富山県中新川郡上市町', '所属': '関東', '師匠': '桜井昇八段', '段位': '女流四段', 'タイトル合計': '2期女流王将2期', '優勝回数': '1回', '作成日時': '2010年3月22日'}"
1114,"{'氏名': '吉野 美奈子', 'ふりがな': 'Minako Yoshino', '画像': 'Minako Yoshino at Holocaust Memorial Dedication, Englewood Synagogue in NJ, USA.jpg', '画像サイズ': '270px', '画像説明': '米国ホロコーストメモリアル彫刻除幕式にて（2018年）', '生年月日': '11月1日', '生誕地': '富山県富山市', '国籍': '{{JPN}}', '職業': '芸術家・彫刻家・画家', 'url': '[https://ja.minakoyoshino.com/ minakoyoshino.com]', '教育': 'ハーバード大学アート・スチューデンツ・リーグ武蔵野美術大学', '代表作': '『Lovers - 恋人たち』『ホロコースト記念庭園』', '影響を受けたもの': 'アメリカ同時多発テロミケランジェロ斎藤誠治', '著名な実績': '彫刻・絵画パブリックアート'}"
1380,"{'名前': '礒谷真帆', '分類': 'LPSA', '棋士番号': '21', '生年月日': '{{生年月日と年齢|2002|3|22}}', 'プロ年度': '{{年月日|year=2018|month=11|day=1}}（{{年数|2002|3|22|2018|11|1}}歳）', '出身地': '千葉県習志野市', '師匠': '所司和晴七段', '段位': '女流初段', '作成日時': '2018年11月20日'}"
117,"{'name': 'あべ 静江', 'background': 'singer', 'birth_name': '阿部 静江（あべ しずえ）', 'blood': 'A型', 'school_background': '東海学園女子短期大学', 'born': '{{生年月日と年齢|1951|11|28}}', 'origin': '{{JPN}}・三重県松阪市中町', 'genre': '歌謡曲', 'occupation': '歌手、女優', 'years_active': '1973年 -', 'label': 'キャニオン・レコードCBSソニー'}"
838,"{'名前': 'きーぽん', 'ニックネーム': 'ぽんきー、きーちゃん{{Cite web|和書|url=https://ameblo.jp/djkeepon/entry-11712090609.html|title=更新されていた|publisher=きーぽんオフィシャルブログ|date=2013-11-25|accessdate=2015-03-08}}、すっぴんオバケ{{Cite web|和書|url=https://ameblo.jp/kakefusan/entry-10565646444.html|title=他人の家に行くのが好き|publisher=ダークホース山出(山ちゃん)の縫い目の数だけ出逢いがある|date=2010-06-17|accessdate=2015-03-08}}', '生年月日': '1976年9月18日', '出身地': '栃木県上都賀郡粟野町（現・鹿沼市）', '芸風': 'コント、物真似', '事務所': 'サンミュージックプロダクション', '現在の代表番組': 'エンタの天使エンタの神様', '過去の代表番組': '新春ゴールデンピンクカーペット', '配偶者': '既婚', '公式サイト': ""[https://ameblo.jp/djkeepon/ オフィシャルブログ『Keep on Lovin' you』]""}"
885,"{'名前': '近藤 宏子', '生年月日': '{{生年月日と年齢|1960|1|29}}{{Cite book|和書|title=全裁判官経歴総覧 第三版［第一分冊］ 期別異動一覧編|publisher=公人社|date=1998-04-01|editor=日本民主法律家協会司法制度委員会|edition=第3版第1刷発行|isbn=978-4906430581|page=222}} - （1987年12月10日・第1版第1刷発行 / 1990年12月10日・第2版第1刷発行）', '出生地': '東京都', '国籍': '{{JPN}}', '出身校': '慶應義塾大学法学部', '役職名': '札幌高等裁判所長官', '就任日': '2023年8月17日', '退任日': '現職', '役職名2': '東京高等裁判所部総括判事', '就任日2': '2020年1月31日', '退任日2': '2023年8月', '役職名3': '静岡家庭裁判所所長', '就任日3': '2018年1月24日', '退任日3': '2020年1月（東京高等裁判所へ異動）', '後任者3': '石井浩{{Cite web|和書|url=https://www.courts.go.jp/shizuoka/about/syotyo2/index.html|title=静岡家庭裁判所長|publisher=最高裁判所|website=裁判所ホームページ|language=ja|accessdate=2020-11-25|archivedate=2020-11-25|archiveurl=https://web.archive.org/web/20201125131158/https://www.courts.go.jp/shizuoka/about/syotyo2/index.html}}'}"
1293,"{'氏名': '岩石 ひで子', 'ふりがな': 'いわいし ひでこ', '生年月日': '1949年', '生誕地': '兵庫県神戸市', '国籍': '{{JPN}}', '民族': '日本人', '出身校': '大阪教育大学', '職業': 'カウンセラー', '著名な実績': '文部省の「全国心の緊急会議」、阪神・淡路大震災「ケース」の実践発表', '影響を受けたもの': '河合隼雄「箱庭療法」', 'テレビ番組': 'NHK「クローズアップ現代', '公式サイト': 'http://counseling-megumi.com'}"
1175,"{'name': '楠本 イネ', 'image': 'Ine Kusumoto.jpg', 'image_width': '250px', 'birth_date': '文政10年5月6日（1827年5月31日）', 'birth_place': '長崎銅座町（現 長崎市銅座町）', 'death_date': '明治36年（1903年）8月26日（{{没年齢|1827|5|31|1903|8|26}}）', 'death_place': '東京市麻布区（現 東京都港区）', 'specialism': '産科医', 'years_active': '1871年 - 1889年', 'relations': '父：フィリップ・フランツ・フォン・シーボルト母：楠本滝（お滝）娘：楠本高子異母弟：ハインリヒ・フォン・シーボルト異母弟：アレクサンダー・フォン・シーボルト'}"
252,"{'name': '小口 みち子', 'birth_name': '寺本 みち子', 'pseudonym': '小口 美留藻', 'birth_date': '1883年2月8日', 'birth_place': '{{JPN}} 兵庫県加東郡社村', 'death_date': '{{死亡年月日と没年齢|1883|2|8|1962|7|27}}', 'occupation': '美容家、歌人、婦人運動家、小説家', 'nationality': '{{JPN}}', 'movement': '『へちまの花』誌婦人参政権運動', 'notable_works': '小説『女三篇』', 'spouse': '小口忠', 'resting_place': '多磨霊園'}"
940,"{'headercolor': 'Cyan', 'name': '小西ゆかり 30px', 'fullname': '小西ゆかり', 'nationality': '{{JPN}}', 'birthdate': '{{birth date and age|1979|1|11}}{{Cite web|和書 |url=https://www.joc.or.jp/games/asia/2018/japan/rifleshooting/team/konishiyukari.html |title=小西 ゆかり (ライフル射撃) - ジャカルタ・パレンバアジア競技大会2018 - JOC |author= |date=2018年8月18日 |work= |format= |publisher=日本オリンピック委員会 |accessdate=2020年1月10日}}', 'birthplace': '{{JPN}}、北海道', 'height': '162cm', 'weight': '55kg', 'website': 'https://ameblo.jp/yk-rupi/', 'country': '{{JPN}}', 'sport': '射撃競技', 'event': 'エアピストルスポーツピストル', 'medaltemplates': '{{MedalCompetition|アジア競技大会}} {{MedalSilver|2002釜山|25mピストル団体}} {{MedalSilver|2006ドーハ|25mピストル団体}} {{MedalSilver|2010広州|25mピストル個人}} {{MedalCompetition|ISSFワールドカップ}} {{MedalBronze|2003ザグレブ|25mピストル}} {{MedalCompetition|ASCアジアエアガン選手権大会}} {{MedalGold|2017和光|10mエアピストル}}', 'show-medals': 'true'}"
233,"{'氏名': '水鳥 真美', 'ふりがな': 'みずとり まみ', '画像': 'Mami Mizutori European Forum for Disaster Risk Reduction (cropped).jpg', '生年月日': '{{生年月日と年齢|1960|11|15}}', '生誕地': '{{JPN}}・東京都', '出身校': '一橋大学法学部スペイン外交官学校', '職業': '国連事務総長特別代表', '任期': '2018年 - 2023年', '前任者': 'ロバート・グラッサー', '後任者': 'カマル・キショール', '配偶者': 'バラック・クシュナー'}"
939,"{'name': '葛城 奈海', 'birth_name': '高橋 南海', 'birth_date': '{{生年月日と年齢|1970|02|06}}', 'birth_place': '{{JPN}} 東京都足立区西新井[https://www.pro-tanc.com/female/katsuraginami/ 葛城 奈海｜有限会社 プロダクション・タンク]', 'education': '東京大学農学部卒業', 'occupation': 'ジャーナリスト政治活動家', 'title': 'やおよろずの森代表予備役ブルーリボンの会幹事長「防人と歩む会」会長「皇統（父系男系）を守る国民連合の会」会長', 'nationality': '{{JPN}}'}"
439,"{'name': '原田 マハ（はらだ マハ）', 'pseudonym': '原田 マハmaha', 'birth_date': '{{生年月日と年齢|1962|7|14}}', 'birth_place': '{{JPN}} 東京都小平市', 'occupation': '小説家、キュレーター、カルチャーライター', 'language': '日本語', 'alma_mater': '関西学院大学文学部日本文学科卒業早稲田大学第二文学部卒業', 'period': '2005年 -', 'notable_works': '『キネマの神様』（2008年）『楽園のカンヴァス』（2012年）', 'spouse': 'あり', 'relations': '原田宗典（兄）', 'awards': '第1回日本ラブストーリー大賞（2005年）第25回山本周五郎賞（2012年）第36回新田次郎文学賞（2017年）第52回泉鏡花文学賞（2024年）', 'website': '[https://haradamaha.com/ 原田マハ公式サイト「マハの展示室」]'}"
1327,"{'image': '250px', 'caption': '女流棋士時代（女流2級、2013年8月3日）', '名前': '竹俣紅', '生年月日': '{{生年月日と年齢|1998|6|27}}', 'プロ年度': '2012年10月1日（{{年数|1998|6|27|2012|10|12}}歳）', '引退年度': '2019年3月31日（{{年数|1998|6|27|2019|3|31}}歳）{{small|（同日、日本将棋連盟を退会）}}', '分類': '女流', '棋士番号': '45', '棋士db': 'no', '出身地': '東京都', '師匠': '森内俊之', '所属': '日本将棋連盟(関東)(退会)', '段位': '{{small|元}}女流初段(退会)', '通算成績': '{{勝率|30|36|record=y}}{{Cite web|和書|title=女流棋士通算成績 2019年6月23日対局分まで（未放映のテレビ対局を除く。ただし、勝星昇段やキリ勝・記録が関わる場合、この限りでなし。）|url=https://www.shogi.or.jp/game/record/all_lady.html|website=日本将棋連盟|accessdate=2019-06-24|language=ja|publisher=|archiveurl=https://web.archive.org/web/20190624155723/https://www.shogi.or.jp/game/record/all_lady.html|archivedate=2019-6-24}}{{Cite web|和書|title=20歳で日本将来連盟を退会した竹俣紅さんにエールを送る｜棋士たちの盤上盤外|url=https://www.nikkan-gendai.com/articles/view/life/252288|website=|accessdate=2019-06-10|language=ja|publisher=日刊ゲンダイ|author=田丸昇|date=2019-4-20|archiveurl=https://web.archive.org/web/20190610063410/https://www.nikkan-gendai.com/articles/view/life/252288|archivedate=2019-6-10}}', '作成日時': '2021年4月1日'}"
67,"{'名前': '#2i2', '出身地': '{{JPN}}', 'ジャンル': 'アイドル', '活動期間': '2020年12月3日 -', 'レーベル': '#HASHTAG RECORD', '事務所': 'ゼロイチファミリア', '公式サイト': '[https://2i2.jp/ #2i2 公式サイト]', 'メンバー': '{{plainlist| * 十味 * 森嶋あんり * 奥ゆい * 天羽希純 }}', '旧メンバー': '青木りさ'}"
1113,"{'氏名': '五ノ井 里奈', 'ふりがな': 'ごのい りな', '画像': 'Rina Gonoi - IWOC 2024 (53568198184) (cropped).jpg', '生年月日': '{{生年月日と年齢|1999|09|29}}', '生誕地': '宮城県石巻市', '国籍': '{{JPN}}', '職業': '柔道指導者', '著名な実績': '陸上自衛隊勤務当時の性暴力被害告発', '代表作': '『声をあげて』'}"
1150,"{'headercolor': '#00BFFF', 'name': '高橋 百合子 30px', 'fullname': 'Yuriko Takahashi', 'nationality': '{{JPN}}', 'birthdate': '{{生年月日と年齢|1973|7|28}}', 'birthplace': '新潟県', 'sport': 'ウェイトリフティング', 'event': '女子', 'collegeteam': '埼玉短期大学', 'medaltemplates': '{{MedalCountry|{{JPN}}}} {{MedalSport|女子 ウエイトリフティング}} {{MedalCompetition|世界選手権}} {{MedalBronze|1996 ワルシャワ|59kg級}} {{MedalCompetition|アジア大会}} {{MedalBronze|1994 広島|64kg級}}'}"
903,"{'名前': '石井 てる美', '画像': '200px', 'キャプション': 'ヒラリー・クリントンのものまねの時の石井てる美（2016年11月）', '生年月日': '{{生年月日と年齢|1983|7|4}}', '出身地': '{{JPN}}・東京都', '血液型': 'O型'}"
448,"{'名前': '渡辺 敦子', '背景色': 'maker', '出生': '{{生年月日と年齢|1964|10|26}}', '出身地': '{{JPN}}・熊本県', 'ジャンル': 'J-POP', '職業': 'ベーシスト東京スクールオブミュージック専門学校・大阪スクールオブミュージック専門学校校長', '担当楽器': 'ベース、コーラス', '活動期間': '1983年 -', '公式サイト': 'https://ameblo.jp/atsuko-watanabe/'}"
1181,"{'名前': '清水市代', '分類': '女流', '棋士番号': '7', '生年月日': '{{生年月日と年齢|1969|1|9}}', 'プロ年度': '1985年4月1日（16歳）', '出身地': '東京都東村山市', '所属': '関東', '師匠': '高柳敏夫名誉九段', '永世': 'クイーン名人クイーン王位クイーン王将クイーン倉敷藤花', '段位': '女流七段', 'タイトル合計': '43期女流名人：10期女流王位：14期倉敷藤花：10期女流王将：9期', '優勝回数': '11回', '作成日時': '2020年4月1日', 'note': '日本将棋連盟第18代会長（2025 - 在任中）'}"
1288,"{'名前': '甲斐智美', '分類': '女流', '棋士番号': '21', '生年月日': '{{生年月日と年齢|1983|5|30}} |||||}} -->', 'プロ年度': '{{年月日|year=1997|month=4|day=1}}（{{年数|1983|5|30|1997|4|1}}歳）', '引退年度': '{{年月日|year=2023|month=7|day=3}}（{{年数|1983|5|30|2023|7|3}}歳）', '出身地': '石川県七尾市', '師匠': '中原誠十六世名人', '所属': '関東', '段位': '女流五段', 'タイトル合計': '7期女王1期女流王位4期倉敷藤花2期', '優勝回数': '2回', '通算成績': '360勝222敗(0.6186)', '作成日時': '2023年8月12日'}"
875,"{'名前': 'カニササレアヤコ', '本名': '川上彩子（旧姓）', '生年月日': '{{生年月日と年齢|1994|01|26}}', '出身地': '{{JPN}} 神奈川県藤沢市{{Cite web|和書|url=https://www.townnews.co.jp/0601/2022/09/23/643537.html|title=カニササレアヤコさん 「伝統芸能の裾野広げたい」｢お笑い×雅楽｣新境地に挑戦|publisher=タウンニュース社|date=2022-09-23|accessdate=2022-09-24}}', '血液型': 'A型', '身長': '164cm', '最終学歴': '早稲田大学文化構想学部卒業東京藝術大学音楽学部在学中', '出身': '早稲田大学お笑い工房LUDOワタナベコメディスクール19期', '相方': 'ペッパー', '芸風': '雅楽ネタものまね', '事務所': 'ワタナベエンターテインメント→フリー→サンミュージックプロダクション', '活動時期': '2013年10月 -', '同期': '厚切りジェイソン小杉まりもすがちゃん最高No.1（ぱーてぃーちゃん）など', 'コンビ名': 'アイアンアームズ（M-1グランプリ2018でのコンビ名）', '配偶者': 'なし（既婚歴あり）', '受賞歴': '全国お笑いサークル団体戦 NOROSHI 審査員特別賞R-1ぐらんぷり2018 決勝進出'}"
692,"{'氏名': '逢坂 恵理子', 'ふりがな': 'おおさか えりこ', '生年月日': '1950年', '生誕地': '東京都', '国籍': '{{JPN}}', '職業': 'キュレーター', '著名な実績': '2001年ヴェネチア・ビエンナーレ日本館コミッショナー'}"
1276,"{'名前': '谷川治恵', '分類': '女流', '棋士番号': '2', '生年月日': '{{生年月日と年齢|1954|2|9}}', 'プロ年度': '{{年月日|year=1976|month=9|day=23}}（{{年数|1954|2|9|1976|9|23}}歳）', '引退年度': '{{年月日|year=2002|month=4|day=30}}（{{年数|1954|2|9|2002|4|30}}歳）', '出身地': '埼玉県', '師匠': '佐瀬勇次名誉九段', '段位': '女流五段', '作成日時': '2016年9月15日'}"
1420,"{'氏名': '柴原 浦子', 'ふりがな': 'しばはら うらこ', '生年月日': '1887年', '生誕地': '広島県御調郡', '没年月日': '1955年', '死因': '脳出血', '国籍': '{{JPN}}', '活動期間': '1910年代～1950年代', '団体': '無産婦人同盟、無産者産婆会', '活動拠点': '広島県及び大阪府を中心とした関西。'}"
1322,"{'名前': '中澤沙耶', '分類': '女流', '棋士番号': '53', '生年月日': '{{生年月日と年齢|1996|5|14}}', 'プロ年度': '{{年月日|year=2015|month=4|day=1}}（{{年数|1996|5|14|2015|4|1}}歳）', '出身地': '愛知県一宮市', '所属': '関西', '師匠': '杉本昌隆', '段位': '女流二段', '優勝回数': '1回', '作成日時': '2022年5月9日'}"
656,"{'bgcolour': '#ffffff', 'name': 'ユミソン・Yumi Song', 'alt': 'ユミソン・Yumi Song', 'birthname': '東京都', 'location': '{{JPN}}', 'nationality': '{{KOR}}', 'website': 'http://www.yumisong.net/'}"
1200,"{'image': 'thumb|center|中井広恵女流六段（2009年4月12日）', '名前': '中井広恵', '生年月日': '{{生年月日と年齢|1969|6|24}}', 'プロ年度': '1981年4月1日（11歳）', '出身地': '北海道稚内市', '所属': '日本将棋連盟→日本女子プロ将棋協会→フリー', '師匠': '佐瀬勇次名誉九段', '永世': 'クイーン名人', '段位': '女流六段', 'タイトル合計': '19期女流名人9期女流王将4期女流王位3期倉敷藤花3期', '優勝回数': '10回', '作成日時': '2011年3月20日'}"
244,"{'氏名': '井深 八重', '画像': 'Yae IBUKA.JPG', '生年月日': '1897年10月23日', '生誕地': '{{TAW1895}} 台北市', '没年月日': '{{死亡年月日と没年齢|1897|10|23|1989|5|15}}', '職業': '看護婦', '出身校': '同志社女学校専門学部', '宗教': 'カトリック教会', '受賞': 'フローレンス・ナイチンゲール記章', '墓地': '神山平石共同墓地(御殿場市)'}"
821,"{'名前': '赤根 智子', '各国語表記': 'あかね ともこ', '画像': 'Judge_Tomoko_Akane,_President_of_the_International_Criminal_Court_-_20250319_EP-182157A_LD1_0179.jpg', '画像サイズ': '220px', '画像説明': '出典: 法務省 法務総合研究所 国際協力部（原出典: 国際刑事裁判所）', '生年月日': '{{生年月日と年齢|1956|06|28}}', '出生地': '{{JPN1947}} 愛知県名古屋市', '国籍': '{{JPN}}', '出身校': '東京大学法学部卒業{{仮リンク|ジャクソンヴィル州立大学|en|Jacksonville State University}}刑事司法コース修了', '署名': 'Tomoko Akane signature 20201106.png', '役職名': '20px 国際刑事裁判所所長', '就任日': '2024年3月11日', '退任日': '現職{{Efn2|name=任期|任期は2027年3月10日まで。}}', '前任者': '{{仮リンク|ピュートル・ホフマンスキー|en|Piotr Hofmański}}', '役職名2': '20px 国際刑事裁判所裁判官', '就任日2': '2018年3月11日', '退任日2': '現職{{Efn2|name=任期}}', '役職名3': '{{Flagicon|JPN}} 法務省法務総合研究所長', '就任日3': '2014年7月18日', '退任日3': '2016年6月16日', '前任者3': '酒井邦彦', '後任者3': '佐久間達哉', '役職名4': '{{Flagicon|JPN}} 函館地方検察庁検事正', '就任日4': '2010年10月26日', '退任日4': '2012年4月9日', '前任者4': '八幡雄治', '後任者4': '稲葉一生'}"
717,"{'name': 'NMB48', 'background': 'group', 'img': 'NMB48ロゴ.png', 'img_capt': 'NMB48のロゴマーク（文字版）', 'img_size': '220px', 'origin': '{{JPN}}', 'genre': 'J-POP', 'years_active': '2010年 -', 'label': 'laugh out loud! records（2011年7月 - 2022年11月）ユニバーサルシグマ（2022年11月 - ）', 'production': 'KYORAKU吉本.ホールディングス{{Efn|2019年6月以降は事業者。}}（2010年 - 2016年12月、2019年6月 - ）Showtitle（旧社名）（2016年12月 - 2025年6月30日）N-Rise（2025年7月1日 - ）', 'associated_acts': '秋元康（プロデューサー）剱持嘉一AKB48グループ', 'url': '[http://www.nmb48.com/ NMB48公式サイト]', 'current_members': 'メンバーを参照', 'past_members': '元メンバーを参照'}"
299,"{'氏名': '伊藤 詩織', 'ふりがな': 'いとう しおり', '画像': 'Shiori Itō - 2024 - P064808-238413 (cropped).jpg', '画像サイズ': '200px', '画像説明': '2024年11月、ベルギーにて', '生年月日': '{{Birth date and age|1989|5|17}}', '別名': 'Shiori', '職業': 'ジャーナリスト{{sfn|伊藤詩織|2017|pp=249,奥付}}、映像作家', '受賞': '2018年度ニューヨーク・フェスティヴァルドキュメンタリー部門銀賞（監督）スポーツ&レクリエーション部門銀賞（撮影）', '代表作': '『Black Box』（2017）、『裸で泳ぐ』（2018）', '公式サイト': '[https://www.shioriito.com/ Shiori Ito Official Site]'}"
582,"{'名前': 'ME:I', '画像': 'frameless|class=skin-invert-image', '画像説明': 'ME:Iのロゴマーク', '画像補正': 'yes', '背景色': 'group', '出身地': '{{JPN}}', 'ジャンル': 'J-POP、K-POP', '活動期間': '2024年 -', 'レーベル': 'LAPONE GIRLS{{Efn2|販売元はユニバーサルミュージック{{Cite web ja |title=ＭＥ：Ｉ／ＭＩＲＡＩ |url=https://www.kinokuniya.co.jp/f/dsg-10-4571487594840 |website=紀伊國屋書店ウェブストア |publisher=紀伊國屋書店 |access-date=2025-10-07}}。}}', '事務所': 'LAPONE GIRLS', '共同作業者': '{{Plainlist| * LAPONEエンタテインメント * CJ ENM * 吉本興業 }}', '公式サイト': '[https://cf.me-i.jp/ ME:I OFFICIAL SITE]', 'メンバー': '{{Plainlist| * COCORO * MIU * MOMONA * RAN * SHIZUKU * AYANE * KEIKO * KOKONA * RINON * SUZU * TSUZUMI }}', 'module': '{{Infobox YouTube personality|embed=yes | name = ME:I | channel_url = UCvTsv4KmVuBdECI08_HR87Q | channel_display_name = ME:I | years_active = 2023年 - | genre = {{ublist|音楽|エンターテインメント}} | subscribers = 71.8万人 | views = 4億5962万6240回 | stats_update = {{Dts|2025-11-30}} }}'}"
1164,"{'氏名': '石川 達絵', 'ふりがな': 'いしかわ たつえ', '画像': '300px', '画像説明': '第36回ローズステークス表彰式（2018年9月16日）', '生年月日': '{{生年月日と年齢|p=0|1962|8|3}}{{Cite web|和書|url= https://umatoku.hochi.co.jp/articles/20211220-OHT1T51186.html |title= 【有馬記念】「無事これ名馬」キセキ、ラストランへ 石川達絵オーナー「悔いのない走りをしてくれれば」 |work= |website= 馬トク|publisher= 報知新聞社|author= |date= 2021-12-21|accessdate=2023-04-07}}', '生誕地': '{{JPN}} 東京都', '職業': '{{Hlist-comma| 実業家 | 馬主 }}', '肩書き': '{{Ublist| 株式会社デジマース 代表取締役社長 }}'}"
43,"{'name': 'SKE48', 'img': 'File:SKE48 logo.svg', 'img_capt': 'SKE48のロゴマーク', 'img_size': '220px', 'background': 'group', 'origin': '{{JPN}}', 'genre': 'J-POP', 'years_active': '2008年 -', 'label': 'Lantis（2009年6月 - 12月）CROWN GOLD（2010年1月 - 2011年5月）avex trax（2011年6月 - ）「[https://natalie.mu/music/news/50274 SKE48、エイベックス移籍を東京&名古屋公演で同時発表]」『音楽ナタリー』2011年5月28日、2011年5月28日閲覧。', 'production': 'ピタゴラス・プロモーション（2008年 - 2011年10月）AKS（2011年11月 - 2019年2月）ゼスト2019年6月までの商号は「株式会社SKE」。-->（2019年3月 - ）', 'associated_acts': '秋元康（プロデューサー）AKB48グループ', 'url': '[https://ske48.co.jp/ SKE48 OFFICIAL WEB SITE]', 'current_members': 'メンバーを参照', 'past_members': '元メンバーを参照'}"
858,"{'コンビ名': 'ダウ90000', 'メンバー': '蓮見翔園田祥太飯原僚也上原佑太道上珠妃中島百依子忽那文香吉原怜那', '別名': 'ダウ九萬', '結成年': '2020年', '事務所': '株式会社YOU GO sign→オフィスカニバブル', '活動時期': '2020年9月27日 -', '旧グループ名': 'はりねずみのパジャマ（2017年 - 2020年）', '現在の活動状況': 'ライブ、テレビ、ラジオなど', '芸種': 'コント、演劇', 'ネタ作成者': '蓮見翔', '公式サイト': '[https://www.kohen.works/%E3%83%80%E3%82%A690000/ 公式ホームページ]'}"
844,"{'名前': '筏津 順子', '各国語表記': 'いかだつ じゅんこ', '生年月日': '{{生年月日と年齢|1950|6|9}}', '出生地': '{{JPN}}愛知県豊田市', '配偶者': '筏津安恕', '出身校': '名古屋大学大学院法学研究科'}"
229,"{'ふりがな': 'カオルコ', '名前': 'KAORUKO別名義:カオルコ、新井薫子、中野薫子', '出身地': '{{JPN}} 愛知県名古屋市', '国籍': '{{JPN}}', '生年月日': '{{生年月日と年齢|1965|6|4}}', '職業': 'イラストレーター、現代美術家、元アイドル歌手', '活動期間': '1980年代末 -', '公式サイト': '[https://profile.yoshimoto.co.jp/talent/detail?id=3261 KAORUKO]'}"
729,"{'name': 'おつる', 'birth_date': '{{生年月日と年齢|1996|1|9}}', 'birth_place': '{{JPN}}・東京都', 'channel_url': 'UCB_pHeVqhdJbkjYCzZ_XDLg', 'channel_display_name': 'おつるの部屋', 'years_active': '2020年 -', 'genre': 'ビデオブログ', 'subscribers': '2340人', 'views': '136,374回{{Cite web|和書|url=https://www.youtube.com/watch?v=iVGPczQGAKw&t=3s|title=【100均野球拳】ゲームをしてミスしたら脱いでいくらしいです |publisher=おつるの部屋 |date=2020/12/31|accessdate=2021-7-11}}', 'network': 'SOD女子社員（SOD HANAYA）', 'stats_update': '{{dts|2022-4-1}}'}"
189,"{'name': '{{ruby|山本 尚子|やまもと なおこ}}', 'image': '{{画像募集中|cat=人物}}', 'birth_date': '{{生年月日と年齢|1960|10|14}}', 'birth_place': '{{Flagicon|JPN}} 岡山県岡山市', 'field': '感染症学公衆衛生学国際保健学', 'workplaces': '世界保健機関 国際医療福祉大学', 'alma_mater': '札幌医科大学岡山大学ジョンズ・ホプキンズ大学'}"
23,"{'name': '斯波園女', 'image': 'Shiba Sonome by Kurihara Nobumitsu.jpg', 'image_size': '230px', 'caption': '栗原信充による肖像', 'birth_date': '1664年', 'birth_place': '伊勢国 山田', 'death_date': '1726年5月21日', 'occupation': '俳諧師、雑俳点者、眼科医', 'genre': '俳句', 'notable_works': '「菊の塵」「鶴の杖」'}"
788,"{'名前': '石野 桜子', '別名義': '二葉 桜子田村 良子', '生年月日': '{{生年月日と年齢|1971|7|27}}', '出身地': '奈良県御所市', '方言': '大阪弁', '出身': 'NSC大阪校8期', 'コンビ名': 'ジャドリスト（解散）', '相方': '相沢千穂（ジャドリスト）', '芸風': 'コント', '活動時期': '1990年 - 2001年2011年 -', '同期': '千原兄弟、FUJIWARA、なだぎ武、バッファロー吾郎など', '過去の代表番組': '吉本超合金F（ナレーション担当）', '受賞歴': 'OKOWA2019 準優勝怪談グランプリ2020 優勝'}"
440,"{'subject_name': '阿部 定', 'image_name': 'Sada Abe portrait.JPG', 'image_size': '250px', 'image_caption': '事件前の阿部定', 'date_of_birth': '1905年5月28日', 'place_of_birth': '{{JPN}} 東京府東京市神田区新銀町（現：東京都千代田区神田司町2丁目と神田多町2丁目『戦前昭和の猟奇事件』117 - 152頁。）', 'date_of_death': '1971年以降消息不明', 'alias': '吉井昌子田中加代', 'charge': '殺人罪', 'penalty': '懲役6年（未決勾留120日を含む）', 'occupation': '芸妓、娼妓', 'parents': '阿部重吉阿部カツ'}"
1228,"{'名前': '斎田晴子', '分類': '女流', '棋士番号': '9', '生年月日': '1966年{{月日|12|04}}（{{年数|1966|12|04}}歳）', 'プロ年度': '{{将棋年度|1986|1986年}}{{月日|04|01}}（{{年数|1966|12|04|1986|04|01}}歳）', '引退年度': '{{将棋年度|2025|2025年}}{{月日|07|07}}（{{年数|1966|12|04|2025|07|07}}歳）', '出身地': '神奈川県横須賀市', '所属': '関東', '師匠': '佐伯昌優九段', '段位': '女流五段', 'タイトル合計': '4期女流名人1期女流王将2期倉敷藤花1期', '優勝回数': '2回', '通算成績': '868対局 486勝382敗{{nobr|（勝率0.5599）}}', '女流順位戦クラス': 'D級（通算4期）', '作成日時': '2025年7月7日'}"
829,"{'名前': 'くわばた りえ', '本名': '桒波田 理恵（旧姓）', 'ニックネーム': 'バタやん', '生年月日': '{{生年月日と年齢|1976|03|24}}', '出身地': '{{JPN}}・大阪府大阪市淀川区', '血液型': 'O型', '身長': '162cm', '方言': '大阪弁', '最終学歴': '大阪市立淀商業高等学校卒業', '出身': 'NSC大阪校13期', 'コンビ名': 'クワバタオハラ', '相方': '小原正子', '芸風': '漫才（ボケ）', '事務所': 'ホリプロコム', '活動時期': '1995年 -', '同期': '次長課長徳井義実（チュートリアル）ブラックマヨネーズなど', '配偶者': 'あり（2009年 - ）', '親族': '子供：2男1女', '公式サイト': '[https://com.horipro.co.jp/talent_info/kuwabataohara/ 公式プロフィール] {{ja icon}}'}"
1374,"{'名前': '岩佐 美帆子', '分類': '女流', '棋士番号': '76', '生年月日': '2005年{{月日|08|15|on}}（{{年数|2005|08|15}}歳）', 'プロ年度': '{{将棋年度|2021|2022年}}{{月日|02|01|on}}（{{年数|2005|08|15|2022|02|01}}歳）', '出身地': '岐阜県岐阜市', '所属': '関西', '師匠': '豊島将之九段', '段位': '女流1級', '作成日時': '2023年4月1日'}"
1328,"{'名前': '杉崎里子', '生年月日': '1942年12月24日', '没年月日': '{{死亡年月日と没年齢|1942|12|24|1997|07|20}}', 'プロ年度': '1975年9月', '引退年度': '1984年', '出身地': '大分県北海部郡', '段位': '女流四段'}"
437,"{'名前': '岡部あおみ', '誕生日': '1950年', '出生地': '東京都', '国籍': '{{JPN}}', '出身校': '国際基督教大学', '芸術分野': '美術研究キュレーター', '代表作': '『現代芸術論』', '配偶者': '岡部憲明', '受賞': '第17回モントリオール国際美術映像フェスティバル入選、第6回ポンピドゥセンター国際美術映像ビエンナーレ入選'}"
1262,"{'image': '200px', '名前': '北尾まどか', '分類': '女流', '棋士番号': '43', '生年月日': '{{生年月日と年齢|1980|1|21}}', 'プロ年度': '{{年月日|year=2000|month=10|day=1}}（{{年数|1980|1|21|2000|10|1}}歳）', '引退年度': '{{年月日|year=2023|month=7|day=10}}（{{年数|1980|1|21|2023|7|10}}歳）', '出身地': '{{JPN}}・東京都目黒区', '所属': '日本将棋連盟（関東）{{Efn|name=""日本将棋連盟所属""|日本将棋連盟所属期間は2007年4月まで及び2011年4月以降。}}→日本女子プロ将棋協会日本女子プロ将棋協会（LPSA）所属期間は2007年5月-2009年6月。→フリー{{Efn|フリー期間は2009年6月-2011年3月。}}→日本将棋連盟（関東）{{Efn|name=""日本将棋連盟所属""}}', '師匠': '西村一義九段', '段位': '女流二段', '通算成績': '110勝187敗(0.3703)', '作成日時': '2023年7月10日'}"
1136,"{'headercolor': 'Cyan', 'name': '小笠綾乃 30px', 'birthname': '清水綾乃', 'fullname': '小笠綾乃', 'nationality': '{{JPN}}', 'birthdate': '{{birth date and age|1990|11|18}}{{Cite web|和書 |url=https://www.joc.or.jp/games/asia/2018/japan/rifleshooting/team/shimizuayano.html |title=ジャカルタ・パレンバアジア競技大会2018 ＞ 日本代表選手団 ＞ 射撃・ライフル射撃 ＞ 清水 綾乃 |author= |date=2018年8月18日 |work= |format= |publisher=日本オリンピック委員会 |accessdate=2019年10月27日}}', 'birthplace': '{{JPN}}、岐阜県', 'height': '159cm', 'weight': '51kg', 'country': '{{JPN}}', 'sport': '射撃競技', 'event': '10mエアライフル50mスモールボアライフル', 'club': '自衛隊体育学校', 'medaltemplates': '{{MedalCompetition|ASCアジアエアガン選手権大会}} {{MedalBronze|2018 クウェート|10mエアライフルミックス}}'}"
872,"{'名前': 'いぜん', '芸風': '漫談', '事務所': '吉本興業', '活動時期': '2022年 -', '同期': 'かけおちCRAZY COCO宛先プレーン軍艦など', '公式サイト': '[{{吉本プロフィール|11765}} 公式プロフィール]', '本名': '李 怡然（り いぜん、リー・イーラン、Lǐ yírán）{{Cite web|和書|url=https://www.sponichi.co.jp/entertainment/news/2025/06/17/articles/20250617s00041000005000c.html|title=中国出身女性芸人「いぜん」 毒舌の嵐＆「～ぇよ」でブレーク 嵐とバラエティーやってみてぇよ!|publisher=スポーツニッポン|date=2025-06-17|accessdate=2025-07-07}}', '生年月日': '{{生年月日と年齢|1998|04|23}}', '出身地': '{{CHN}} 北京市', '身長': '168 cm', '最終学歴': '東京都立大学', '出身': 'NSC東京校27期'}"
1223,"{'名前': '伊藤明日香', '分類': '女流', '棋士番号': '18', '生年月日': '{{生年月日と年齢|1982|3|16}}', 'プロ年度': '{{年月日|year=1995|month=4|day=1}}（{{年数|1982|3|16|1995|4|1}}歳）', '引退年度': '{{年月日|year=2009|month=3|day=31}}（{{年数|1982|3|16|2009|3|31}}歳）', '出身地': '東京都渋谷区', '所属': '関東', '師匠': '伊藤果八段', '段位': '女流初段', '作成日時': '2015年2月12日'}"
42,"{'name': 'ukka', 'img': 'Ukka_logo.png', 'background': 'group', 'alias': '桜エビ〜ず（旧名）', 'origin': '{{JPN}}', 'genre': 'J-POP・アイドル', 'years_active': '2015年8月1日 -', 'label': 'インペリアルレコード（2022年 - ）', 'production': 'スターダストプロモーション', 'url': '[https://ukka.tokyo/ ukka オフィシャルサイト]', 'current_members': '{{Plainlist| * 村星りじゅ * 茜空 * 芹澤もあ * 結城りな * 葵るり * 宮沢友 * 若菜こはる }}', 'past_members': '{{Plainlist| * 桜井美里 * 水春 * 川瀬あやめ }}'}"
112,"{'名前': 'あさか ゆい浅香 唯', '背景色': 'singer', '出生名': 'かわさき あき川崎 亜紀{{Cite book|和書 |title=テレビ・タレント人名事典（第6版） |publisher=日外アソシエーツ |date=2004-06 |page=27 |isbn=4-8169-1852-3}}', '別名': 'YUI', '出生': '{{生年月日と年齢|1969|12|4}}', '出身地': ""{{JPN}}・宮崎県宮崎市{{Cite web|和書|url=http://www.yui-asaka.com/about_index.html |title=公式プロフィール |work=YUI'S AVENUE |accessdate=2014-05-08}}"", '学歴': '明治大学付属中野高等学校{{Sfn|日外アソシエーツ|1994|p=17}}定時制卒業', 'ジャンル': 'ポップス、アイドル歌謡、J-POP', '職業': '歌手、女優、タレント、アイドル', '担当楽器': 'ボーカル', '活動期間': '1985年 - 1993年1997年 -', 'レーベル': 'ハミングバード（1985年 - 1993年）メルダック（1997年 - 1998年）インペリアルレコード（2005年）ワーナーミュージック・ジャパン（2015年 - ）', '配偶者': '西川貴博（THE KIDS）', '事務所': '六本木オフィス（1985年 - 1993年）Y-Chord（1997年 - 1999年）JAM企画（1999年 - ）', '公式サイト': '{{Official URL}}'}"
578,"{'name': 'STU48', 'img': '220px', 'img_capt': 'STU48のロゴマーク', 'background': 'group', 'origin': '{{JPN}}', 'genre': 'J-POP', 'years_active': '2017年3月31日 -', 'label': 'You, Be Cool!/KING RECORDS', 'production': 'STU', 'associated_acts': '秋元康AKB48グループ', 'url': '[https://www.stu48.com/ STU48 OFFICIAL WEB SITE]', 'current_members': 'メンバーを参照', 'past_members': '元メンバーを参照'}"
92,"{'name': '相川 なつ', 'background': 'singer', 'alias': 'なっちゃん', 'born': '1989年8月31日', 'origin': '{{JPN}}・東京都', 'instrument': '歌', 'genre': 'アニメ、ゲーム', 'occupation': '歌手、作詞家、声優、女優', 'years_active': '2009年 -', 'associated_acts': 'コミュ☆SHOW、cestino', 'url': '[https://aikawanatsu.net 相川なつ Official Website]'}"
142,"{'name': 'NMB48', 'background': 'group', 'img': 'NMB48ロゴ.png', 'img_capt': 'NMB48のロゴマーク（文字版）', 'img_size': '220px', 'origin': '{{JPN}}', 'genre': 'J-POP', 'years_active': '2010年 -', 'label': 'laugh out loud! records（2011年7月 - 2022年11月）ユニバーサルシグマ（2022年11月 - ）', 'production': 'KYORAKU吉本.ホールディングス{{Efn|2019年6月以降は事業者。}}（2010年 - 2016年12月、2019年6月 - ）Showtitle（旧社名）（2016年12月 - 2025年6月30日）N-Rise（2025年7月1日 - ）', 'associated_acts': '秋元康（プロデューサー）剱持嘉一AKB48グループ', 'url': '[http://www.nmb48.com/ NMB48公式サイト]', 'current_members': 'メンバーを参照', 'past_members': '元メンバーを参照'}"
209,"{'name': '五嶋 みどり', 'img': 'MidoriInstructingStudent 2013rehearsal.jpg', 'background': 'classic', 'born': '{{生年月日と年齢|1971|10|25}}', 'origin': '{{JPN}}大阪府枚方市', 'instrument': 'ヴァイオリン', 'genre': 'クラシック音楽', 'occupation': 'ヴァイオリニスト'}"
883,"{'名前': '{{ruby|河邑|かわむら}} ミク', '画像': '250px', 'キャプション': '河邑ミク（2018年11月）', '本名': '河邑 美空（読みは同じ）{{Cite web|和書|url=https://www.shochikugeino.co.jp/talents/kawamuramiku/|title=河邑 ミク|work=タレント一覧|publisher=松竹芸能|accessdate=2018-03-05}}', '生年月日': '{{生年月日と年齢|1994|8|8}}', '出身地': '{{JPN}}・大阪府', '血液型': 'A型', '身長': '168cm', '方言': '関西弁', '出身': '松竹芸能タレントスクール', '事務所': '松竹芸能', '活動時期': '2015年 -', '同期': 'ハリードブリキカラスハッピー遠藤', '現在の代表番組': 'INNOCENT SALON', '過去の代表番組': '超占い番組!ミラスゴおはようコールABC伊集院光とらじおとなど', '公式サイト': '[https://www.shochikugeino.co.jp/talents/kawamuramiku/ 公式プロフィール]'}"
191,"{'氏名': '栁川 かおり', 'ふりがな': 'やながわ かおり', '生年月日': '{{生年月日と年齢|1976|10|18}}', '生誕地': '{{JPN}} 新潟県', '職業': '料理家 医師', '出身校': '-', '配偶者': 'あり'}"
195,"{'name': '穐吉 敏子 {{collapsible list |titlestyle = background:transparent;text-align:left;font-weight:normal; |title =署名： |liststyle = border-top:1px solid #aaa; | 230px }}', 'img': 'Toshiko Akiyoshi.jpg', 'img_capt': '1978年', 'img_size': '250', 'background': 'instrumentalist', 'birth_name': '同じ', 'school_background': 'バークリー音楽院卒業', 'born': '{{生年月日と年齢|1929|12|12}}', 'origin': '{{CHN1928-1949}} 遼陽', 'instrument': 'ピアノ', 'genre': 'ジャズ', 'occupation': 'ピアニスト作曲家編曲家ビッグバンドリーダー', 'years_active': '1952年 - 現在', 'label': 'ワーナーミュージック・ジャパン', 'associated_acts': 'ルー・タバキン'}"
1231,"{'名前': '林まゆみ', '分類': '女流', '生年月日': '{{生年月日と年齢|1968|12|31}}', 'プロ年度': '{{年月日|year=1992|month=4|day=1}}（{{年数|1968|12|31|1992|4|1}}歳）', '引退年度': '{{年月日|year=2010|month=3|day=31}}（{{年数|1968|12|31|2010|3|31}}歳）', '出身地': '大阪府堺市', '所属': '日本将棋連盟（退会）', '師匠': '有吉道夫九段', '段位': '元女流三段（退会）', '優勝回数': '1回（第1回鹿島杯）', '通算成績': '290局 130勝160敗（勝率0.4483）', '作成日時': '2020年6月17日'}"
1263,"{'名前': '関根紀代子', '旧姓': '吉田', '分類': '女流', '棋士番号': '1', '生年月日': '{{生年月日と年齢|1940|12|15}}', 'プロ年度': '{{年月日|year=1974|month=10|day=31}}（{{年数|1940|12|15|1974|10|31}}歳）', '引退年度': '{{年月日|year=2011|month=8|day=31}}（{{年数|1940|12|15|2011|8|31}}歳）', '出身地': '群馬県前橋市', '所属': '関東', '師匠': '関根茂', '段位': '女流六段', '通算成績': '260勝277敗 0.484', '作成日時': '2017年3月1日'}"
168,"{'name': 'のんふぃく！', 'background': 'group', 'alias': 'Non￢Fiction（旧名）', 'origin': '{{JPN}}・東京都', 'genre': 'J-POP', 'years_active': '2021年 -', 'label': 'CROSS SIDE MUSIC', 'production': 'imaginate', 'associated_acts': 'HEROINES', 'url': '{{URL|https://www.imaginate.jp/artist/non¬fiction/}}', 'current_members': '{{plainlist| *{{Color sample|#FBA6DC}} 恋星はるか *{{Color sample|#90D7EC}} 水瀬ぴあの *{{Color sample|#F4FE37}} 永月十華 *{{Color sample|#70DD44}} 海まりん *{{Color sample|#DC3333}} こるね *{{Color sample|#71ABE7}} 澪織にいな *{{Color sample|#B283E2}} 香月あむ }}', 'past_members': '{{plainlist| *{{Color sample|#B283E2}} 藤城なみ }} *{{Color sample|#FFFFFF}} 真白里帆'}"
225,"{'氏名': '志野 光子', 'ふりがな': 'しの みつこ', '画像': 'Mitsuko Shino 2025.jpg', '画像説明': '外務省より公表された肖像', '生年月日': '{{生年月日と年齢|1963|7|24}}', '生誕地': '愛知県西加茂郡三好町（現・みよし市）', '国籍': '{{JPN}}', '職業': '外交官', '出身校': '一橋大学法学部', '肩書き': '駐アイスランド大使在ジュネーブ国際機関政府代表部大使国際文化交流審議官儀典長国連大使駐ドイツ大使'}"
638,"{'氏名': '赤澤 ナカ', 'ふりがな': 'あかざわ ナカ', '生年月日': '1871年11月', '生誕地': '{{JPN}} 新潟県蒲原郡長場村', '没年月日': '1941年4月（69歳没）', '死没地': '新潟県', '活動期間': '明治 - 昭和', '団体': '赤沢保育園（旧・新潟静修学校）', '影響を受けたもの': '倉田ミツ', '活動拠点': '新潟県新潟市', '配偶者': '赤澤鍾美（あかざわ あつとみ）', '子供': 'セイ、直二郎', '親': '渡辺藤次郎'}"
180,"{'honorific_prefix': 'Master of Public Health', 'name': '山口 有紗', 'image': 'Arisa Yamaguchi cropped 2 Atsushi Seike Fumio Kishida Hirokazu Matsuno and Seiko Noda 20211129.jpg', 'image_size': '250px', 'alt': '2021年11月29日、東京都千代田区にて', 'caption': '2021年11月29日、東京都千代田区にて', 'birth_date': '1984年', 'birth_place': '{{Flagicon|JPN}} 静岡県浜松市', 'nationality': '{{JPN}}', 'education': '立命館大学国際関係学部卒業山口大学医学部卒業ジョンズ・ホプキンズ大学ブルームバーグ公衆衛生大学院修士課程修了', 'occupation': '医師', 'profession': '医師', 'field': '小児科', 'work_institutions': '東京大学国立成育医療研究センター子どもの虐待防止センター'}"
1338,"{'名前': '浅見 琴葉', 'ラテン文字': 'Asami Kotoha', '代表国': '{{JPN}}', '生年月日': '{{生年月日と年齢|1992|12|24}}', '出生地': '埼玉県川越市', '身長': '157', '血液型': 'B', '趣味': 'セルフネイル ファッション 舞台観劇 ランニング', '学歴': '日本大学', '元コーチ': '浅野敬子日下匡力', '元所属': '川越FSC'}"
347,"{'名前': '川人 千慧', '背景色': 'maker', '出生': '{{生年月日と年齢|1985|12|27}}', '出身地': '{{JPN}}・徳島県', '学歴': '京都大学法学部卒業', 'ジャンル': '映画音楽、CM', '職業': '作曲家、脚本家、小説家'}"
522,"{'honorific_prefix': '博士（医学）', 'name': '大坪 寛子', 'image': 'Hiroko Otsubo cropped 2 Hiroko Otsubo 2015 1.jpg', 'image_size': '250px', 'caption': '厚生労働省のウェブサイトにて公表された肖像写真', 'nationality': '{{JPN}}', 'education': '東京慈恵会医科大学医学部卒業', 'occupation': '厚生労働技官', 'known_for': 'ヘモビジランスシステムの起ち上げへの参画', 'field': '内科学', 'work_institutions': '東京慈恵会医科大学国立感染症研究所厚生労働省'}"
1201,"{'headercolor': 'lightblue', 'name': '小池 葵', 'birthname': '小池葵', 'nickname': 'AOI{{Cite web|和書|url=http://www.surfing-style.com/surfers-file/2011/06/koike-aoi.php|title=小池葵|work=サーファーズファイル|publisher=サーフィンスタイル|date=2011-06-02|accessdate=2014-04-25}}', 'nationality': '{{JPN}}', 'residence': '千葉県', 'birthdate': '{{birth date and age|1977|11|25}}', 'birthplace': 'ハワイ・オアフ島', 'height': '160cm', 'weight': '54kg', 'country': '{{JPN}}', 'sport': 'ボディボード', 'turnedpro': '1996年', 'coach': '小池正則（父）', 'retired': '2007年'}"
305,"{'royal name': '皇后', 'image': '100px', 'dipstyle': '陛下Her Majesty the Empress[https://www.kunaicho.go.jp/e-about/history/history02.html 宮内庁公式サイト 英語版]', 'color': '#FFFFFF', 'background': '#BE0026'}"
1005,"{'氏名': '海部 美知', 'ふりがな': 'かいふ みち', '生年月日': '{{1960年3月12日生|1960}}', '生誕地': '{{JPN1947}}・神奈川県', '職業': '実業家経営コンサルタント', '出身校': '一橋大学社会学部スタンフォード大学経営大学院', '配偶者': '{{要出典範囲|date=2015年8月1日 (土) 02:53 (UTC)|小池良次}}', '子供': '2児あり'}"
1134,"{'名前': 'そのこ', '相方': '五十川恵里（コンビ時代）', '芸風': '音ネタものまね', '事務所': '吉本興業', '活動時期': '2018年 -', '同期': '金魚番長イチゴおばあちゃんなど', '公式サイト': '[{{吉本プロフィール|7228}} 公式プロフィール]', 'コンビ名': 'エンペラー（解散）', '本名': '河野 園子（かわの そのこ）', '生年月日': '{{生年月日と年齢|1981|04|23}}', '出身地': '{{JPN}} 北海道札幌市', '身長': '156 cm', '出身': 'NSC東京校24期'}"
337,"{'名前': 'AKB48', '画像': 'AKB48 Logo.svg', '画像サイズ': '220px', '画像説明': 'AKB48のロゴマーク', '背景色': 'group', '出身地': '{{JPN}}', 'ジャンル': 'J-POP', '活動期間': '2005年12月8日 -', 'レーベル': 'AKS（2006年 - ）DefSTAR Records（2006年10月 - 2008年6月）You, Be Cool!/KING RECORDS（2008年8月 - 2023年2月）EMI Records（2023年2月 - ）', '事務所': 'office48（2005年 - 2006年）AKS（2006年 - 2020年3月31日）DH（2020年4月1日 - ）（各メンバーの所属は所属事務所およびメンバーを参照）', '共同作業者': '秋元康（総合プロデューサー）AKB48グループ', '公式サイト': '[https://www.akb48.co.jp/ AKB48公式サイト]', 'メンバー': 'メンバーを参照', '旧メンバー': '元メンバーを参照'}"
363,"{'名前': '立道 聡子', '背景色': 'singer', '出生': '{{生年月日と年齢|1982|2|5}}', '出身地': '{{JPN}}・福岡県', '学歴': '筑波大学附属視覚特別支援学校卒業', '職業': 'ミュージシャンシンガーソングライター作曲家作詞家', 'レーベル': 'ビクターエンタテインメント', '公式サイト': '[https://www.jvcmusic.co.jp/-/Artist/A021806.html 公式プロフィール]'}"
361,"{'name': '池田 昭子IKEDA Shoko', 'background': 'classic', 'born': '{{Birth date and age|1974|12|26}}', 'origin': '{{JPN}}・宮崎県', 'genre': 'クラシック', 'occupation': 'オーボエ奏者'}"
1084,"{'氏名': '岡田 直子（実業家）', 'ふりがな': 'おかだ なおこ', '生年月日': '{{生年月日と年齢|1978|6|7}}', '生誕地': '{{JPN}}・広島県広島市', '国籍': '{{JPN}}', '教育': '神戸女学院大学文学部英文学科卒業立教大学大学院ビジネスデザイン研究科にてMBA取得', '職業': '株式会社ネットワークコミュニケーションズhttps://nwcom.jp代表取締役ローランド ディー. ジー. 株式会社社外取締役日特建設株式会社社外取締役株式会社レトリバhttps://retrieva.jp社外取締役一般社団法人オープンソースライセンス研究所https://www.osll.jp理事一般社団法人日本リスクコミュニケーション協会https://www.rcij.org副代表理事プロシュートボクサー'}"
6,"{'名前': '相田 翔子', '背景色': 'singer', '出生': '{{生年月日と年齢|1970|2|23}}', '出身地': '{{JPN}}、東京都東村山市別冊宝島2611『80年代アイドルcollection』p.51', '学歴': '文華女子高等学校卒', 'ジャンル': 'アイドル歌謡曲、J-POP', '職業': '女優、歌手、タレント', '担当楽器': 'ボーカル', '活動期間': '1988年 -', 'レーベル': 'ポリスター（1996年 - 1998年Wink在籍時代を除く。）地中海（2003年 - 2004年）UP-FRONT WORKS（2011年 - ）zetima（2013年 - ）', '事務所': 'アップライトミュージック（1988年 - 1994年）P-Artists（1994年 - 1996年）BIG J（1997年 - 1999年）アップフロントプロモーション2012年9月30日まではアップフロントエージェンシー名義。（2000年 - 2013年）アップフロントクリエイト（2013年 - ）', '共同作業者': '門倉聡村上""ポンタ""秀一', '公式サイト': '[http://www.aida-shoko.com/ 相田翔子オフィシャルサイト：Blue Star][https://ameblo.jp/aida-shoko/ 相田翔子 オフィシャルブログ]'}"
69,"{'名前': 'ばってん少女隊', '画像': 'Batten_girls_mojilogo.png', '背景色': 'group', '出身地': '{{JPN}}', 'ジャンル': 'J-POP', '活動期間': '2015年6月21日 -', 'レーベル': 'BATTEN Records', '事務所': 'スターダストプロモーション', '公式サイト': '{{URL|https://battengirls.com/}}', 'メンバー': '{{Plainlist| * {{Color sample|#228b22|border=0}} 希山愛 * {{Color sample|#ff0000|border=0}} 上田理子 * {{Color sample|#ffd700|border=0}} 春乃きいな * {{Color sample|#ee82ee|border=0}} 蒼井りるあ * {{Color sample|#87cefa|border=0}} 柳美舞 * {{Color sample|#ee7800|border=0}} 浅井アヤネ * {{Color sample|#a09bd8|border=0}} 逢里みう * {{Color sample|#0067c0|border=0}} 日南心那 }}', '旧メンバー': '{{Plainlist| * {{Color sample|#F19DB4|border=0}} 西垣有彩 * {{Color sample|#037DCA|border=0}} 星野蒼良 * {{Color sample|#773690|border=0}} 瀬田さくら }}'}"
1335,"{'名前': '神田真由美', '分類': 'LPSA', '棋士番号': '6', '生年月日': '{{生年月日と年齢|1957|10|11}}', 'プロ年度': '{{年月日|year=1979|month=11|day=}}（{{年数|1957|10|11|1979|11|01}}歳）', '引退年度': '{{年月日|year=2009|month=03|day=31}}（{{年数|1957|10|11|2009|03|31}}歳）', '出身地': '福岡県北九州市', '師匠': '関根茂九段', '段位': '女流二段'}"
1326,"{'image': '200px', 'caption': '2019年10月19日、棋士会みやぎ将棋フェスティバルにて', '名前': '加藤桃子', '分類': '女流', '棋士番号': '67', '生年月日': '{{生年月日と年齢|1995|3|9}}', 'プロ年度': '{{年月日|year=2019|month=4|day=1}}（{{年数|1995|3|9|2019|4|1}}歳）', '出身地': '静岡県牧之原市', '所属': '日本将棋連盟 (東京)→ 日本将棋連盟 (関西)(2023年7月 関西に移籍)', '師匠': '安恵照剛八段', '段位': '女流四段', 'タイトル合計': '9期{{efn|清麗1期、女王4期、女流王座4期}}{{small|(女流棋士転向後 1期)}}', '作成日時': '2023年7月4日'}"
1161,"{'氏名': '家永 エイ', 'ふりがな': 'いえなが えい', '生年月日': '万延元年（1860年）2月18日{{sfn|鶴田文史|1990|pp=109}}', '生誕地': '肥後国天草郡登立村（現熊本県上天草市大矢野町登立）{{sfn|松竹秀雄|1985|pp=151-157}}', '没年月日': '1927年5月12日{{sfn|深潟久|1980|pp=166-168}}', '死没地': '長崎県長崎市平戸小屋{{sfn|深潟久|1980|pp=166-168}}', '墓地': '長崎市大鳥町{{sfn|松竹秀雄|1985|pp=210-212}}', '国籍': '{{JPN}}', '業績': 'ホテル経営', '子供': '千代子（または千代、養子）、敬{{sfn|松竹秀雄|1985|pp=150-151}}', '親': '父：作次郎、母：トメ{{sfn|鶴田文史|1990|pp=109}}'}"
1186,"{'氏名': '山口 絵理子', 'ふりがな': 'やまぐち えりこ', '生年月日': '{{生年月日と年齢|1981|08|21}}', '生誕地': '{{JPN}}・埼玉県さいたま市', '国籍': '{{JPN}}', '出身校': '{{仮リンク|BRAC大学|en|BRAC University}}大学院開発学部修士課程 修了慶應義塾大学総合政策学部 卒業埼玉県立大宮工業高等学校', '職業': 'デザイナー、マザーハウス代表取締役', '活動期間': '2006年-', '活動拠点': '{{JPN}}{{BGD}}'}"
70,"{'name': ""きゅい～ん'ズ"", 'background': 'group', 'origin': '{{JPN}}', 'genre': 'J-POP', 'years_active': '2014年 - 2023年', 'label': '{{plainlist| *DUNIVERSE *STAR }}', 'production': 'STAR', 'url': '[http://kyueens.com/ オフィシャルサイト]', 'current_members': '{{plainlist| *橘祐里 *真白あかり *黒崎はる }}', 'past_members': '{{plainlist| *鳴海咲菜 *小野光奈 *愛沢優姫乃 *早乙女まこ *桜葉美雅 *藤咲璃子 *望月ひより *西葉瑞希 *双葉はな *瀬能愛未 *新野海優 }}'}"
1308,"{'名前': '砂原 奏', '分類': '女流', '棋士番号': '86', '生年月日': '2006年{{月日|12|23|on}}（{{年数|2006|12|23}}歳）', 'プロ年度': '{{将棋年度|2023|2023年}}{{月日|09|01|on}}（{{年数|2006|12|23|2023|09|01}}歳）', '出身地': '千葉県船橋市', '所属': '関東', '師匠': '加瀬純一', '段位': '女流2級', '作成日時': '2023年9月1日'}"
1295,"{'氏名': '池田 佳代', 'ふりがな': 'いけだ かよ', '生年月日': '{{生年月日と年齢||12|1}}', '生誕地': '{{JPN}}・京都府京都市', '職業': '実業家、プロダクトデザイナー海南大学客員教授', '団体': '株式会社C&C 代表取締役社長', '座右の銘': '驕ること勿れ'}"
751,"{'氏名': '志賀 こず江', 'ふりがな': 'しが こずえ', '生年月日': '{{生年月日と年齢|1948|11|23}}', '生誕地': '{{JPN}}・東京都', '教育': '法学士', '出身校': '慶應義塾大学法学部卒', '職業': '弁護士', '活動期間': '1998年-', '団体': '第一東京弁護士会', '代表作': '『ピアノがうるさい!―主婦弁護士・志賀こず江の法律相談』『ほかの誰でもない私をさがして―スチュワーデス、弁護士になる』『弁護士のしごと（15歳からの「仕事」の教科書 2）』'}"
834,"{'名前': '{{ruby|川村|かわむら}} エミコ', '本名': '川村 恵美子', '生年月日': '{{生年月日と年齢|1979|12|17}}', '出身地': '神奈川県三浦市', '血液型': 'B型', '身長': '163cm', '最終学歴': '東京経済大学経営学部経営学科', 'コンビ名': 'たんぽぽ', '相方': '白鳥久美子', '芸風': '漫才、コント', '事務所': 'ホリプロコム', '活動時期': '2003年 -', '同期': '金魚ばち尾形貴弘（パンサー）銀シャリジャルジャルなど', '現在の代表番組': '世界の果てまでイッテQ!', '配偶者': '未婚', '公式サイト': '[https://ameblo.jp/sienne04/ オフィシャルブログ]', 'その他': 'スリーサイズはB87cm（Hカップ）、W86cm、H98cm'}"
584,"{'name': 'dela', 'landscape': 'yes', 'background': 'group', 'origin': '{{JPN}}・愛知県名古屋市', 'genre': 'J-POP', 'years_active': '2012年 -', 'label': 'miuzic Entertainment', 'production': '名古屋美少女ファクトリー', 'associated_acts': '近藤薫（二代目プロデューサー）中村浩一（初代プロデューサー）', 'url': '[https://www.nbgf.jp/ nbgf.jp]', 'current_members': '山吹萌藤本南松島七葉早川雪乃今田希松浦奈々後藤ひなの滝沢優華森本小鳥山川愛果人見桃歌河村かれん沢田朱音本多もか黒木春菜竹下優里'}"
857,"{'コンビ名': '連戦姉妹RENSEN SHIMAI', '画像': '280px', 'キャプション': '左から、川村れいな、川村わかな（2009年8月）', 'メンバー': '川村れいな川村わかな', '結成年': '2001年', '解散年': '2010年', '旧コンビ名': '連戦連笑', '現在の活動状況': '解散（両者共に引退）', '事務所': 'ケイダッシュステージ', '活動時期': '2001年 - 2010年5月', '芸種': 'コント、ショートコント、漫才', '過去の代表番組': '笑いの金メダル桜塚ヤンキースエンタの神様など'}"
248,"{'氏名': '北原 みのり', 'ふりがな': 'きたはら みのり', '生年月日': '{{生年月日と年齢|1970|11|24}}', '生誕地': '{{JPN}}・神奈川県横浜市', '出身校': '津田塾大学卒業日本女子大学大学院中退', '職業': '著作家、社会活動家、実業家', '団体': '希望のたね基金理事'}"
346,"{'氏名': '甲斐 美和', 'ふりがな': 'かい みわ', '生年月日': '{{生年月日と年齢|1913|5|24|no}}{{Sfn|音楽年鑑|1941|p=143|loc=[https://dl.ndl.go.jp/info:ndljp/pid/1109457/103 甲斐美和子]}}', '生誕地': '{{USA1912}} サンフランシスコ', '没年月日': '{{死亡年月日と没年齢|1913|5|24|2011|12|10}}', '死没地': '{{USA}} ニューヨーク', '国籍': '{{JPN}}', '別名': '甲斐 美和子', '職業': '{{hlist-comma|司書|ピアニスト}}', '雇用者': 'コロンビア大学', '受賞': '第1回音楽コンクールピアノ部門大賞（1932年）', '栄誉': '勲四等宝冠章'}"
891,"{'名前': 'カイちゃん', '本名': '甲斐 久美子（かい くみこ）', '別名義': 'カイ・ジョンソン', '生年月日': '{{生年月日と年齢|1981|08|28}}', '出身地': '{{JPN}} 兵庫県神戸市', '血液型': 'A型', '身長': '166 cm', '最終学歴': '兵庫県立伊川谷北高等学校卒業', '出身': 'NSC大阪校41期', 'トリオ名': '赤鬼合衆国（解散）', '芸風': 'コント一発ギャグ', '事務所': '吉本興業', '活動時期': '2018年 -', '同期': 'cacaoキャツミタイムキーパーなど', '公式サイト': '[{{吉本プロフィール|7444}} 公式プロフィール]'}"
389,"{'氏名': '古旗 照美（こばた てるみ）', '生年月日': '1968年', '生誕地': '{{Flagicon|JPN}} 東京都', '職業': 'しょくスポーツ代表取締役', '出身校': '日本女子大学家政学部卒業'}"
739,"{'名前': '石川 秀美', 'ふりがな': 'いしかわ ひでみ', '背景色': 'singer', '本名': '薬丸 秀美やくまる ひでみ（旧姓：石川）', '出生': '{{生年月日と年齢|1966|7|13}}', '出身地': '{{jpn}}・愛知県瀬戸市', '学歴': '明治大学付属中野高等学校定時制卒業', 'ジャンル': 'アイドル歌謡曲・ロック', '職業': '元歌手・元女優・アイドル', '担当楽器': 'ボーカル', '活動期間': '1982年 - 1990年', 'レーベル': 'RVC（1982 - 1987年）BMGビクター（1987 - 1990年）', '事務所': '芸映（1982 - 1990年）', '配偶者': '薬丸裕英', '著名な家族': '薬丸翔（旧名SHO：長男）薬丸隼人（サッカー選手：次男）薬丸玲美（タレント：長女）'}"
336,"{'名前': 'NiziU', '画像': ""NiziU Oct'24.png"", '画像説明': '上段左から時計回りに NINA、RIO、MAYUKA、RIKU、AYAKA、RIMA、MIIHI、MAKO、MAYA（2024年10月）', '画像補正': 'yes', '背景色': 'group', '出身地': '{{JPN}}', 'ジャンル': ""{{Hlist-comma|J-POP{{Cite web|和書|author=菅原史稀 |title=NiziU RIMA×MAYUKA、“ラップライン”の2人の違いと共通点 |url=https://realsound.jp/2021/02/post-713529.html |website=Real Sound |publisher=株式会社blueprint |date=2021-02-26 |accessdate=2021-08-17 }}|K-POP{{Cite news |last=Dong |first=Sun-hwa |title=Japanese-speaking K-pop girl band: JYP's audition program to air in Japan |url=https://www.koreatimes.co.kr/entertainment/k-pop/20200121/japanese-speaking-k-pop-girl-band-jyps-audition-program-to-air-in-japan |newspaper=The Korea Times |date=2020-01-21 |accessdate=2020-12-20 |language=en }}{{Cite news |title=K-pop groups without Koreans |url=https://www.koreatimes.co.kr/entertainment/k-pop/20200907/k-pop-groups-without-koreans |newspaper=The Korea Times |date=2020-09-07 |accessdate=2020-12-20 |language=en }}}}"", '活動期間': '2020年 -', 'レーベル': '{{Plainlist| * {{flagicon|JPN}} Epic Records Japan * {{flagicon|KOR}} JYP Japan / ONE Label }}', '事務所': 'JYPエンターテインメント', '共同作業者': '{{Plainlist| * ソニー・ミュージックエンタテインメント * J.Y. Park }}', '公式サイト': '[https://niziu.com NiziU Official Website]', 'メンバー': '{{Plainlist| * MAKO * RIO * MAYA * RIKU * AYAKA * MAYUKA * RIMA * MIIHI * NINA }}', 'module': '{{Infobox YouTube personality | embed = yes | logo = frameless|class=skin-invert-image | logo_size = 180px | channel_url = UCHp2q2i85qt_9nn2H7AvGOw | channel_display_name = NiziU Official | years_active = 2020年 - | genre = {{ublist|音楽|エンターテインメント}} | subscribers = 229万人 | views = 15億4770万1618回 | stats_update = {{Dts|2025-11-13}} }}'}"
436,"{'氏名': '新島 八重', 'ふりがな': 'にいじま やゑ', '画像': 'Niijima Yae big portrait.png', '画像サイズ': '250px', '画像説明': '新島 八重', '出生名': '山本 八重', '生年月日': '1845年12月1日', '生誕地': '{{JPN}}陸奥国会津', '没年月日': '{{死亡年月日と没年齢|1845|12|1|1932|6|14}}', '死没地': '{{JPN}}京都府京都市上京区', '墓地': '同志社墓地（京都府京都市左京区鹿ケ谷若王子山町）', '住居': '京都府', '国籍': '{{JPN1870}}', '別名': '新島八重子', '職業': '教育者、看護婦、茶道家', '著名な実績': '同志社大学、同志社女子大学の発展、従軍看護', '影響を受けたもの': '聖書', '影響を与えたもの': '同志社大学、同志社女子大学、熊本バンド、救世軍', '活動拠点': '陸奥国会津、京都府京都市', '宗教': 'キリスト教', '宗派': 'プロテスタント', '配偶者': '川崎尚之助（1865頃 - 1871）新島襄（1876 - 1890）', '親戚': '山本権八（父）山本佐久（母）山本覚馬（実兄）山川健次郎', '受賞': '勲七等宝冠章[http://www.dwc.doshisha.ac.jp/yae/ 新島八重×同志社女子大学]勲六等宝冠章'}"
576,"{'名前': '乃木坂46', '画像': 'Nogizaka46 logo.svg', '画像説明': '乃木坂46のロゴマーク', '画像サイズ': '220px', '背景色': 'group', '出身地': '{{JPN}}', 'ジャンル': 'J-POP', '活動期間': '2011年 -', 'レーベル': 'N46Div.（Sony Music）', '事務所': '乃木坂46合同会社', '共同作業者': '{{Plainlist| * Sony Music Entertainment * 秋元康 }}', '公式サイト': '{{Official website|https://www.nogizaka46.com/|乃木坂46公式サイト}}', 'メンバー': '現メンバーを参照', '旧メンバー': '元メンバーを参照', 'module': '{{Infobox |child = yes |label1 = 受賞歴 |data1 = 受賞歴を参照 }}'}"
257,"{'氏名': '沢田 美喜', 'ふりがな': 'さわだ みき', '画像': '200px', '画像説明': '1952年の沢田', '生年月日': '1901年9月19日', '生誕地': '{{JPN}}・東京府東京市本郷区（現・東京都文京区）', '没年月日': '{{死亡年月日と没年齢|1901|9|19|1980|5|12}}', '死没地': '{{SPA}}・マヨルカ島', '死因': '心臓発作', '国籍': '{{JPN}}', '出身校': '東京女子高等師範学校附属高等女学校中退', '職業': '社会事業家', '配偶者': '沢田廉三', '子供': '長男・信一次男・久雄三男・晃長女・恵美子', '親': '岩崎久弥（父）寧子（母）', '親戚': '保科正徳（高祖父）岩崎弥次郎（曾祖父）岩崎美和（曾祖母）保科正丕（曾祖父）岩崎弥太郎（祖父）岩崎喜勢（祖母）保科正益（祖父）岩崎彦弥太（兄）岩崎隆弥（兄）岩崎弥之助（大叔父）加藤高明（義伯父）木内重四郎（義叔父）幣原喜重郎（義叔父）保科正昭（叔父）岩崎寛弥（甥）'}"
1282,"{'氏名': '石川 幹子', 'ふりがな': 'いしかわ みきこ', '生年月日': '{{生年月日と年齢|1948|10|27}}', '生誕地': '{{JPN}}・宮城県岩沼市', '職業': 'ランドスケープ・アーキテクト中央大学研究開発機構 機構教授', '出身校': '宮城学院中学校・高等学校東京大学農学部ハーバード大学デザイン大学院東京大学大学院農学生命科学研究科', '配偶者': '石川経夫', '子供': '有'}"
790,"{'名前': 'イモトアヤコ', '本名': '石﨑 絢子（いしざき あやこ）{{Cite web|和書|url=https://asajo.jp/excerpt/99356|title=イモトアヤコがブルーインパルス搭乗で明かしたプライベートに視聴者びっくり！|accessdate=2021-12-25|publisher=徳間書店|website=アサジョ}}（旧姓：井本）', 'ニックネーム': 'イモト', '生年月日': '{{生年月日と年齢|1986|1|12}}', '出身地': '{{JPN}} 鳥取県西伯郡岸本町（現：伯耆町岸本）', '血液型': 'O型', '身長': '158 cm[https://www.watanabepro.co.jp/mypage/30000016/ ワタナベエンターテインメント プロフィール]', '体重': '48', 'ウエスト': '62', 'ヒップ': '86-88', 'カップ': 'E', '靴': '23.5', '方言': '共通語、雲伯方言', '最終学歴': '文教大学情報学部広報学科', '出身': 'ワタナベコメディスクール3期', 'コンビ名': '東京ホルモン娘（2006年 - 2007年）', '相方': 'バービー（コンビ時代）東京ウタカルタ（トリオ時代）', '芸風': 'リアクション芸漫談コント', '事務所': 'ワタナベエンターテインメント', '活動時期': '2006年9月 -', '同期': '平井“ファラオ”光（馬鹿よ貴方は）慶クリニック高田など', '現在の代表番組': '世界の果てまでイッテQ!', '過去の代表番組': 'ネプ&イモトの世界番付', '作品': '著書『珍獣ハンターイモト動物図鑑』同図鑑「アフリカ編」など', '他の活動': '女優', '配偶者': '石﨑史郎（日本テレビディレクター）', '親族': '父母、妹、祖母', '公式サイト': '[https://www.watanabepro.co.jp/mypage/30000016/ プロフィール]'}"
